,game_id,competition_id,season_id,game_date,game_day,home_team_id,away_team_id
0,2500089,364,181150,2018-05-13 14:00:00,38,1646,1659
1,2500090,364,181150,2018-05-13 14:00:00,38,1628,1627
2,2500091,364,181150,2018-05-13 14:00:00,38,1673,1609
3,2500092,364,181150,2018-05-13 14:00:00,38,1612,1651
4,2500093,364,181150,2018-05-13 14:00:00,38,1611,1644
5,2500094,364,181150,2018-05-13 14:00:00,38,1613,1610
6,2500095,364,181150,2018-05-13 14:00:00,38,1619,1625
7,2500096,364,181150,2018-05-13 14:00:00,38,10531,1639
8,2500097,364,181150,2018-05-13 14:00:00,38,1624,1631
9,2500098,364,181150,2018-05-13 14:00:00,38,1633,1623
10,2500028,364,181150,2018-05-10 18:45:00,31,1633,1611
11,2500024,364,181150,2018-05-09 19:00:00,31,1625,1651
12,2500027,364,181150,2018-05-09 19:00:00,31,1624,1613
13,2500022,364,181150,2018-05-09 18:45:00,31,1631,1609
14,2500062,364,181150,2018-05-09 18:45:00,35,1610,1673
15,2500026,364,181150,2018-05-08 18:45:00,31,10531,1619
16,2500080,364,181150,2018-05-06 15:30:00,37,1609,1646
17,2500082,364,181150,2018-05-06 15:30:00,37,1610,1612
18,2500085,364,181150,2018-05-06 12:30:00,37,1625,1673
19,2500083,364,181150,2018-05-05 16:30:00,37,1623,1619
20,2500079,364,181150,2018-05-05 14:00:00,37,1659,10531
21,2500084,364,181150,2018-05-05 14:00:00,37,1631,1633
22,2500087,364,181150,2018-05-05 14:00:00,37,1644,1613
23,2500088,364,181150,2018-05-05 14:00:00,37,1627,1624
24,2500086,364,181150,2018-05-05 11:30:00,37,1639,1628
25,2500081,364,181150,2018-05-04 19:00:00,37,1651,1611
26,2500077,364,181150,2018-04-30 19:00:00,36,1624,1644
27,2500073,364,181150,2018-04-29 15:30:00,36,1611,1609
28,2500078,364,181150,2018-04-29 13:15:00,36,1633,1625
29,2500076,364,181150,2018-04-28 16:30:00,36,10531,1610
30,2500069,364,181150,2018-04-28 14:00:00,36,1646,1651
31,2500070,364,181150,2018-04-28 14:00:00,36,1628,1631
32,2500071,364,181150,2018-04-28 14:00:00,36,1673,1623
33,2500074,364,181150,2018-04-28 14:00:00,36,1613,1627
34,2500075,364,181150,2018-04-28 14:00:00,36,1619,1659
35,2500072,364,181150,2018-04-28 11:30:00,36,1612,1639
36,2500063,364,181150,2018-04-23 19:00:00,35,1623,1613
37,2500065,364,181150,2018-04-22 15:30:00,35,1625,10531
38,2500060,364,181150,2018-04-22 12:30:00,35,1609,1633
39,2500066,364,181150,2018-04-22 12:30:00,35,1639,1646
40,2500067,364,181150,2018-04-21 14:00:00,35,1644,1628
41,2500068,364,181150,2018-04-21 11:30:00,35,1627,1612
42,2500020,364,181150,2018-04-19 18:45:00,31,1646,1610
43,2500064,364,181150,2018-04-19 18:45:00,35,1631,1619
44,2500059,364,181150,2018-04-18 18:45:00,35,1659,1611
45,2500061,364,181150,2018-04-17 18:45:00,35,1651,1624
46,2500058,364,181150,2018-04-16 19:00:00,34,1633,1639
47,2500053,364,181150,2018-04-15 15:00:00,34,1611,1627
48,2500054,364,181150,2018-04-15 12:30:00,34,1613,1609
49,2500057,364,181150,2018-04-14 18:45:00,34,1624,1625
50,2500052,364,181150,2018-04-14 16:30:00,34,1612,1659
51,2500049,364,181150,2018-04-14 14:00:00,34,1646,1631
52,2500050,364,181150,2018-04-14 14:00:00,34,1628,1651
53,2500051,364,181150,2018-04-14 14:00:00,34,1673,1644
54,2500056,364,181150,2018-04-14 14:00:00,34,10531,1623
55,2500055,364,181150,2018-04-14 11:30:00,34,1619,1610
56,2500042,364,181150,2018-04-08 15:30:00,33,1610,1633
57,2500040,364,181150,2018-04-08 13:15:00,33,1609,1619
58,2500045,364,181150,2018-04-07 16:30:00,33,1625,1611
59,2500039,364,181150,2018-04-07 14:00:00,33,1659,1628
60,2500041,364,181150,2018-04-07 14:00:00,33,1651,1673
61,2500044,364,181150,2018-04-07 14:00:00,33,1631,1613
62,2500046,364,181150,2018-04-07 14:00:00,33,1639,1624
63,2500047,364,181150,2018-04-07 14:00:00,33,1644,1646
64,2500048,364,181150,2018-04-07 14:00:00,33,1627,10531
65,2500043,364,181150,2018-04-07 11:30:00,33,1623,1612
66,2500031,364,181150,2018-04-01 15:00:00,32,1610,1624
67,2500029,364,181150,2018-04-01 12:30:00,32,1609,1639
68,2500033,364,181150,2018-03-31 16:30:00,32,1623,1625
69,2499738,364,181150,2018-03-31 14:00:00,32,1633,1619
70,2500030,364,181150,2018-03-31 14:00:00,32,1651,1631
71,2500034,364,181150,2018-03-31 14:00:00,32,1611,10531
72,2500035,364,181150,2018-03-31 14:00:00,32,1613,1673
73,2500037,364,181150,2018-03-31 14:00:00,32,1644,1659
74,2500038,364,181150,2018-03-31 14:00:00,32,1627,1646
75,2500032,364,181150,2018-03-31 11:30:00,32,1628,1612
76,2500023,364,181150,2018-03-17 17:30:00,31,1612,1644
77,2500019,364,181150,2018-03-17 14:00:00,31,1659,1627
78,2500021,364,181150,2018-03-17 15:00:00,31,1673,1628
79,2500025,364,181150,2018-03-17 14:00:00,31,1639,1623
80,2500016,364,181150,2018-03-12 20:00:00,30,1639,1625
81,2500009,364,181150,2018-03-11 16:00:00,30,1659,1624
82,2500010,364,181150,2018-03-11 13:30:00,30,1609,1644
83,2500011,364,181150,2018-03-10 17:30:00,30,1610,1628
84,2500012,364,181150,2018-03-10 15:00:00,30,1623,1651
85,2500013,364,181150,2018-03-10 15:00:00,30,1673,10531
86,2500015,364,181150,2018-03-10 15:00:00,30,1613,1619
87,2500017,364,181150,2018-03-10 15:00:00,30,1627,1631
88,2500018,364,181150,2018-03-10 15:00:00,30,1633,1646
89,2500014,364,181150,2018-03-10 12:30:00,30,1611,1612
90,2500001,364,181150,2018-03-05 20:00:00,29,1628,1611
91,2500004,364,181150,2018-03-04 16:00:00,29,1625,1610
92,2499999,364,181150,2018-03-04 13:30:00,29,1651,1609
93,2500003,364,181150,2018-03-03 17:30:00,29,1612,1613
94,2500002,364,181150,2018-03-03 15:00:00,29,1631,1659
95,2500005,364,181150,2018-03-03 15:00:00,29,1619,1639
96,2500006,364,181150,2018-03-03 15:00:00,29,10531,1633
97,2500007,364,181150,2018-03-03 15:00:00,29,1624,1673
98,2500008,364,181150,2018-03-03 15:00:00,29,1644,1627
99,2500000,364,181150,2018-03-03 12:30:00,29,1646,1623
100,2499990,364,181150,2018-03-01 19:45:00,28,1609,1625
101,2499996,364,181150,2018-02-25 14:05:00,28,1611,1610
102,2499993,364,181150,2018-02-25 12:00:00,28,1628,1624
103,2499997,364,181150,2018-02-24 17:30:00,28,1644,1623
104,2499989,364,181150,2018-02-24 15:00:00,28,1659,1613
105,2499991,364,181150,2018-02-24 15:00:00,28,1651,10531
106,2499992,364,181150,2018-02-24 15:00:00,28,1646,1619
107,2499995,364,181150,2018-02-24 15:00:00,28,1612,1633
108,2499998,364,181150,2018-02-24 15:00:00,28,1627,1673
109,2499994,364,181150,2018-02-24 12:30:00,28,1631,1639
110,2499979,364,181150,2018-02-12 20:00:00,27,1610,1627
111,2499984,364,181150,2018-02-11 16:30:00,27,1619,1612
112,2499983,364,181150,2018-02-11 14:15:00,27,1613,1611
113,2499981,364,181150,2018-02-11 12:00:00,27,1673,1659
114,2499982,364,181150,2018-02-10 17:30:00,27,1625,1631
115,2499980,364,181150,2018-02-10 15:00:00,27,1623,1628
116,2499985,364,181150,2018-02-10 15:00:00,27,1639,1651
117,2499986,364,181150,2018-02-10 15:00:00,27,10531,1646
118,2499988,364,181150,2018-02-10 15:00:00,27,1633,1644
119,2499987,364,181150,2018-02-10 12:30:00,27,1624,1609
120,2499977,364,181150,2018-02-05 20:00:00,26,1644,1610
121,2499975,364,181150,2018-02-04 16:30:00,26,1612,1624
122,2499973,364,181150,2018-02-04 14:15:00,26,1628,1613
123,2499970,364,181150,2018-02-03 17:30:00,26,1609,1623
124,2499969,364,181150,2018-02-03 15:00:00,26,1659,1639
125,2499971,364,181150,2018-02-03 15:00:00,26,1651,1633
126,2499974,364,181150,2018-02-03 15:00:00,26,1631,10531
127,2499976,364,181150,2018-02-03 15:00:00,26,1611,1673
128,2499978,364,181150,2018-02-03 15:00:00,26,1627,1619
129,2499972,364,181150,2018-02-03 12:30:00,26,1646,1625
130,2499966,364,181150,2018-01-31 20:00:00,25,1625,1627
131,2499967,364,181150,2018-01-31 20:00:00,25,1639,1644
132,2499968,364,181150,2018-01-31 20:00:00,25,1624,1611
133,2499962,364,181150,2018-01-31 19:45:00,25,1610,1659
134,2499963,364,181150,2018-01-31 19:45:00,25,1623,1631
135,2499964,364,181150,2018-01-31 19:45:00,25,1613,1646
136,2499965,364,181150,2018-01-31 19:45:00,25,1619,1651
137,2499959,364,181150,2018-01-30 20:00:00,25,1673,1612
138,2499960,364,181150,2018-01-30 19:45:00,25,10531,1609
139,2499961,364,181150,2018-01-30 19:45:00,25,1633,1628
140,2499957,364,181150,2018-01-22 20:00:00,24,10531,1612
141,2499955,364,181150,2018-01-21 16:00:00,24,1619,1624
142,2499954,364,181150,2018-01-20 17:30:00,24,1625,1613
143,2499949,364,181150,2018-01-20 15:00:00,24,1609,1628
144,2499951,364,181150,2018-01-20 15:00:00,24,1646,1611
145,2499952,364,181150,2018-01-20 15:00:00,24,1623,1627
146,2499953,364,181150,2018-01-20 15:00:00,24,1631,1644
147,2499956,364,181150,2018-01-20 15:00:00,24,1639,1673
148,2499958,364,181150,2018-01-20 15:00:00,24,1633,1659
149,2499950,364,181150,2018-01-20 12:30:00,24,1651,1610
150,2499944,364,181150,2018-01-15 20:00:00,23,1611,1639
151,2499943,364,181150,2018-01-14 16:00:00,23,1612,1625
152,2499939,364,181150,2018-01-14 13:30:00,23,1659,1609
153,2499946,364,181150,2018-01-13 17:30:00,23,1624,1623
154,2499940,364,181150,2018-01-13 15:00:00,23,1610,1631
155,2499941,364,181150,2018-01-13 15:00:00,23,1628,1646
156,2499942,364,181150,2018-01-13 15:00:00,23,1673,1633
157,2499945,364,181150,2018-01-13 15:00:00,23,1613,10531
158,2499947,364,181150,2018-01-13 15:00:00,23,1644,1619
159,2499948,364,181150,2018-01-13 15:00:00,23,1627,1651
160,2499926,364,181150,2018-01-04 20:00:00,21,1624,1633
161,2499929,364,181150,2018-01-03 19:45:00,22,1609,1610
162,2499937,364,181150,2018-01-02 19:45:00,22,10531,1624
163,2499938,364,181150,2018-01-02 19:45:00,22,1633,1627
164,2499934,364,181150,2018-01-02 20:00:00,22,1625,1644
165,2499935,364,181150,2018-01-02 19:45:00,22,1619,1628
166,2499932,364,181150,2018-01-01 17:30:00,22,1623,1611
167,2499931,364,181150,2018-01-01 15:00:00,22,1646,1612
168,2499933,364,181150,2018-01-01 15:00:00,22,1631,1673
169,2499936,364,181150,2018-01-01 15:00:00,22,1639,1613
170,2499930,364,181150,2018-01-01 12:30:00,22,1651,1659
171,2499928,364,181150,2017-12-31 16:30:00,21,1627,1609
172,2499921,364,181150,2017-12-31 12:00:00,21,1628,1625
173,2499924,364,181150,2017-12-30 17:30:00,21,1611,1619
174,2499919,364,181150,2017-12-30 15:00:00,21,1659,1623
175,2499920,364,181150,2017-12-30 15:00:00,21,1610,1639
176,2499922,364,181150,2017-12-30 15:00:00,21,1673,1646
177,2499923,364,181150,2017-12-30 15:00:00,21,1612,1631
178,2499925,364,181150,2017-12-30 15:00:00,21,1613,1651
179,2499927,364,181150,2017-12-30 15:00:00,21,1644,10531
180,2499911,364,181150,2017-12-28 20:00:00,20,1628,1609
181,2499915,364,181150,2017-12-27 19:45:00,20,1613,1625
182,2499913,364,181150,2017-12-26 17:30:00,20,1612,10531
183,2499909,364,181150,2017-12-26 15:00:00,20,1659,1633
184,2499910,364,181150,2017-12-26 15:00:00,20,1610,1651
185,2499912,364,181150,2017-12-26 15:00:00,20,1673,1639
186,2499914,364,181150,2017-12-26 15:00:00,20,1611,1646
187,2499917,364,181150,2017-12-26 15:00:00,20,1644,1631
188,2499918,364,181150,2017-12-26 15:00:00,20,1627,1623
189,2499916,364,181150,2017-12-26 12:30:00,20,1624,1619
190,2499903,364,181150,2017-12-23 19:45:00,19,1631,1611
191,2499901,364,181150,2017-12-23 17:30:00,19,1646,1624
192,2499900,364,181150,2017-12-23 15:00:00,19,1651,1644
193,2499904,364,181150,2017-12-23 15:00:00,19,1625,1659
194,2499905,364,181150,2017-12-23 15:00:00,19,1619,1673
195,2499906,364,181150,2017-12-23 15:00:00,19,1639,1627
196,2499907,364,181150,2017-12-23 15:00:00,19,10531,1628
197,2499908,364,181150,2017-12-23 15:00:00,19,1633,1613
198,2499902,364,181150,2017-12-23 12:30:00,19,1623,1610
199,2499899,364,181150,2017-12-22 19:45:00,19,1609,1612
200,2499893,364,181150,2017-12-18 20:00:00,18,1623,10531
201,2499889,364,181150,2017-12-17 16:30:00,18,1659,1612
202,2499898,364,181150,2017-12-17 14:15:00,18,1627,1611
203,2499895,364,181150,2017-12-16 17:30:00,18,1625,1624
204,2499896,364,181150,2017-12-16 16:00:00,18,1639,1633
205,2499890,364,181150,2017-12-16 15:00:00,18,1609,1613
206,2499891,364,181150,2017-12-16 15:00:00,18,1651,1646
207,2499892,364,181150,2017-12-16 15:00:00,18,1610,1619
208,2499897,364,181150,2017-12-16 15:00:00,18,1644,1673
209,2499894,364,181150,2017-12-16 12:30:00,18,1631,1628
210,2499882,364,181150,2017-12-13 20:00:00,17,1633,1609
211,2499884,364,181150,2017-12-13 20:00:00,17,1611,1659
212,2499887,364,181150,2017-12-13 20:00:00,17,1612,1627
213,2499888,364,181150,2017-12-13 20:00:00,17,1624,1651
214,2499881,364,181150,2017-12-13 19:45:00,17,10531,1625
215,2499885,364,181150,2017-12-13 19:45:00,17,1613,1623
216,2499886,364,181150,2017-12-13 19:45:00,17,1619,1631
217,2499880,364,181150,2017-12-12 20:00:00,17,1673,1610
218,2499883,364,181150,2017-12-12 20:00:00,17,1628,1644
219,2499879,364,181150,2017-12-12 19:45:00,17,1646,1639
220,2499873,364,181150,2017-12-10 16:30:00,16,1611,1625
221,2499872,364,181150,2017-12-10 14:15:00,16,1612,1623
222,2499875,364,181150,2017-12-10 12:00:00,16,1619,1609
223,2499874,364,181150,2017-12-09 17:30:00,16,1613,1631
224,2499869,364,181150,2017-12-09 15:00:00,16,1646,1644
225,2499870,364,181150,2017-12-09 15:00:00,16,1628,1659
226,2499871,364,181150,2017-12-09 15:00:00,16,1673,1651
227,2499876,364,181150,2017-12-09 15:00:00,16,10531,1627
228,2499877,364,181150,2017-12-09 15:00:00,16,1624,1639
229,2499878,364,181150,2017-12-09 12:30:00,16,1633,1610
230,2499865,364,181150,2017-12-03 16:00:00,15,1625,1633
231,2499859,364,181150,2017-12-03 13:30:00,15,1659,1619
232,2499860,364,181150,2017-12-02 17:30:00,15,1609,1611
233,2499861,364,181150,2017-12-02 15:00:00,15,1651,1612
234,2499863,364,181150,2017-12-02 15:00:00,15,1623,1673
235,2499864,364,181150,2017-12-02 15:00:00,15,1631,1646
236,2499866,364,181150,2017-12-02 15:00:00,15,1639,10531
237,2499867,364,181150,2017-12-02 15:00:00,15,1644,1624
238,2499868,364,181150,2017-12-02 15:00:00,15,1627,1628
239,2499862,364,181150,2017-12-02 12:30:00,15,1610,1613
240,2499856,364,181150,2017-11-29 20:00:00,14,1623,1633
241,2499857,364,181150,2017-11-29 20:00:00,14,1625,1619
242,2499858,364,181150,2017-11-29 20:00:00,14,1639,1612
243,2499849,364,181150,2017-11-29 19:45:00,14,1659,1646
244,2499850,364,181150,2017-11-29 19:45:00,14,1609,1673
245,2499855,364,181150,2017-11-29 19:45:00,14,1610,10531
246,2499853,364,181150,2017-11-28 20:00:00,14,1644,1611
247,2499854,364,181150,2017-11-28 20:00:00,14,1627,1613
248,2499851,364,181150,2017-11-28 19:45:00,14,1651,1628
249,2499852,364,181150,2017-11-28 19:45:00,14,1631,1624
250,2499841,364,181150,2017-11-26 16:00:00,13,1673,1625
251,2499839,364,181150,2017-11-26 14:00:00,13,1646,1609
252,2499845,364,181150,2017-11-26 13:30:00,13,1619,1623
253,2499842,364,181150,2017-11-25 17:30:00,13,1612,1610
254,2499840,364,181150,2017-11-25 15:00:00,13,1628,1639
255,2499843,364,181150,2017-11-25 15:00:00,13,1611,1651
256,2499844,364,181150,2017-11-25 15:00:00,13,1613,1644
257,2499846,364,181150,2017-11-25 15:00:00,13,10531,1659
258,2499847,364,181150,2017-11-25 15:00:00,13,1624,1627
259,2499848,364,181150,2017-11-24 20:00:00,13,1633,1631
260,2499831,364,181150,2017-11-20 20:00:00,12,1651,1639
261,2499837,364,181150,2017-11-19 16:00:00,12,1644,1633
262,2499836,364,181150,2017-11-18 17:30:00,12,1611,1613
263,2499829,364,181150,2017-11-18 15:00:00,12,1659,1673
264,2499832,364,181150,2017-11-18 15:00:00,12,1646,10531
265,2499833,364,181150,2017-11-18 15:00:00,12,1628,1623
266,2499834,364,181150,2017-11-18 15:00:00,12,1631,1625
267,2499835,364,181150,2017-11-18 15:00:00,12,1612,1619
268,2499838,364,181150,2017-11-18 15:00:00,12,1627,1610
269,2499830,364,181150,2017-11-18 12:30:00,12,1609,1624
270,2499819,364,181150,2017-11-05 16:30:00,11,1610,1611
271,2499820,364,181150,2017-11-05 16:30:00,11,1623,1644
272,2499822,364,181150,2017-11-05 14:15:00,11,1625,1609
273,2499827,364,181150,2017-11-05 12:00:00,11,1624,1628
274,2499828,364,181150,2017-11-04 17:30:00,11,1633,1612
275,2499821,364,181150,2017-11-04 15:00:00,11,1673,1627
276,2499823,364,181150,2017-11-04 15:00:00,11,1613,1659
277,2499824,364,181150,2017-11-04 15:00:00,11,1619,1646
278,2499826,364,181150,2017-11-04 15:00:00,11,10531,1651
279,2499825,364,181150,2017-11-04 12:30:00,11,1639,1631
280,2499812,364,181150,2017-10-30 20:00:00,10,1646,1613
281,2499814,364,181150,2017-10-29 16:00:00,10,1631,1623
282,2499811,364,181150,2017-10-29 13:30:00,10,1651,1619
283,2499809,364,181150,2017-10-28 16:30:00,10,1659,1610
284,2499810,364,181150,2017-10-28 14:00:00,10,1609,10531
285,2499813,364,181150,2017-10-28 14:00:00,10,1628,1633
286,2499815,364,181150,2017-10-28 14:00:00,10,1612,1673
287,2499817,364,181150,2017-10-28 14:00:00,10,1644,1639
288,2499818,364,181150,2017-10-28 14:00:00,10,1627,1625
289,2499816,364,181150,2017-10-28 11:30:00,10,1611,1624
290,2499807,364,181150,2017-10-22 15:00:00,9,1624,1612
291,2499800,364,181150,2017-10-22 12:30:00,9,1623,1609
292,2499804,364,181150,2017-10-21 16:30:00,9,1619,1627
293,2499801,364,181150,2017-10-21 14:00:00,9,1673,1611
294,2499802,364,181150,2017-10-21 14:00:00,9,1625,1646
295,2499803,364,181150,2017-10-21 14:00:00,9,1613,1628
296,2499805,364,181150,2017-10-21 14:00:00,9,1639,1659
297,2499806,364,181150,2017-10-21 14:00:00,9,10531,1631
298,2499799,364,181150,2017-10-21 11:30:00,9,1610,1644
299,2499808,364,181150,2017-10-20 19:00:00,9,1633,1651
300,2499792,364,181150,2017-10-16 19:00:00,8,1631,1627
301,2499795,364,181150,2017-10-15 15:00:00,8,1619,1613
302,2499789,364,181150,2017-10-15 12:30:00,8,1651,1623
303,2499798,364,181150,2017-10-14 16:30:00,8,1644,1609
304,2499790,364,181150,2017-10-14 14:00:00,8,1646,1633
305,2499791,364,181150,2017-10-14 14:00:00,8,1628,1610
306,2499794,364,181150,2017-10-14 14:00:00,8,1625,1639
307,2499796,364,181150,2017-10-14 14:00:00,8,10531,1673
308,2499797,364,181150,2017-10-14 14:00:00,8,1624,1659
309,2499793,364,181150,2017-10-14 11:30:00,8,1612,1611
310,2499785,364,181150,2017-10-01 15:30:00,7,1613,1612
311,2499782,364,181150,2017-10-01 13:15:00,7,1623,1646
312,2499780,364,181150,2017-10-01 11:00:00,7,1609,1651
313,2499781,364,181150,2017-09-30 16:30:00,7,1610,1625
314,2499779,364,181150,2017-09-30 14:00:00,7,1659,1631
315,2499784,364,181150,2017-09-30 14:00:00,7,1611,1628
316,2499786,364,181150,2017-09-30 14:00:00,7,1639,1619
317,2499787,364,181150,2017-09-30 14:00:00,7,1627,1644
318,2499788,364,181150,2017-09-30 14:00:00,7,1633,10531
319,2499783,364,181150,2017-09-30 11:30:00,7,1673,1624
320,2499769,364,181150,2017-09-25 19:00:00,6,1609,1627
321,2499770,364,181150,2017-09-24 15:00:00,6,1651,1613
322,2499773,364,181150,2017-09-23 16:30:00,6,1631,1612
323,2499771,364,181150,2017-09-23 14:00:00,6,1646,1673
324,2499772,364,181150,2017-09-23 14:00:00,6,1623,1659
325,2499774,364,181150,2017-09-23 14:00:00,6,1625,1628
326,2499775,364,181150,2017-09-23 14:00:00,6,1619,1611
327,2499776,364,181150,2017-09-23 14:00:00,6,1639,1610
328,2499777,364,181150,2017-09-23 14:00:00,6,10531,1644
329,2499778,364,181150,2017-09-23 11:30:00,6,1633,1624
330,2499764,364,181150,2017-09-17 15:00:00,5,1611,1623
331,2499760,364,181150,2017-09-17 12:30:00,5,1610,1609
332,2499766,364,181150,2017-09-16 16:30:00,5,1624,10531
333,2499762,364,181150,2017-09-16 14:00:00,5,1673,1631
334,2499763,364,181150,2017-09-16 14:00:00,5,1612,1646
335,2499765,364,181150,2017-09-16 14:00:00,5,1613,1639
336,2499767,364,181150,2017-09-16 14:00:00,5,1644,1625
337,2499768,364,181150,2017-09-16 14:00:00,5,1627,1633
338,2499761,364,181150,2017-09-16 11:30:00,5,1628,1619
339,2499759,364,181150,2017-09-15 19:00:00,5,1659,1651
340,2499758,364,181150,2017-09-11 19:00:00,4,1633,1673
341,2499757,364,181150,2017-09-10 15:00:00,4,10531,1613
342,2499751,364,181150,2017-09-10 12:30:00,4,1646,1628
343,2499756,364,181150,2017-09-09 16:30:00,4,1639,1611
344,2499749,364,181150,2017-09-09 14:00:00,4,1609,1659
345,2499750,364,181150,2017-09-09 14:00:00,4,1651,1627
346,2499752,364,181150,2017-09-09 14:00:00,4,1623,1624
347,2499753,364,181150,2017-09-09 14:00:00,4,1631,1610
348,2499755,364,181150,2017-09-09 14:00:00,4,1619,1644
349,2499754,364,181150,2017-09-09 11:30:00,4,1625,1612
350,2499743,364,181150,2017-08-27 15:00:00,3,1612,1609
351,2499746,364,181150,2017-08-27 15:00:00,3,1624,1646
352,2499740,364,181150,2017-08-27 12:30:00,3,1610,1623
353,2499748,364,181150,2017-08-27 12:30:00,3,1627,1639
354,2499744,364,181150,2017-08-26 16:30:00,3,1611,1631
355,2499741,364,181150,2017-08-26 14:00:00,3,1628,10531
356,2499742,364,181150,2017-08-26 14:00:00,3,1673,1619
357,2499745,364,181150,2017-08-26 14:00:00,3,1613,1633
358,2499747,364,181150,2017-08-26 14:00:00,3,1644,1651
359,2499739,364,181150,2017-08-26 11:30:00,3,1659,1625
360,2499734,364,181150,2017-08-21 19:00:00,2,1625,1623
361,2499737,364,181150,2017-08-20 15:00:00,2,1624,1610
362,2499731,364,181150,2017-08-20 12:30:00,2,1673,1613
363,2499735,364,181150,2017-08-19 16:30:00,2,1639,1609
364,2499729,364,181150,2017-08-19 14:00:00,2,1659,1644
365,2499730,364,181150,2017-08-19 14:00:00,2,1646,1627
366,2499732,364,181150,2017-08-19 14:00:00,2,1631,1651
367,2499733,364,181150,2017-08-19 14:00:00,2,1612,1628
368,2500036,364,181150,2017-08-19 14:00:00,2,1619,1633
369,2499736,364,181150,2017-08-19 11:30:00,2,10531,1611
370,2499724,364,181150,2017-08-13 15:00:00,1,1611,1633
371,2499725,364,181150,2017-08-13 12:30:00,1,1613,1624
372,2499720,364,181150,2017-08-12 16:30:00,1,1651,1625
373,2499721,364,181150,2017-08-12 14:00:00,1,1610,1646
374,2499722,364,181150,2017-08-12 14:00:00,1,1628,1673
375,2499723,364,181150,2017-08-12 14:00:00,1,1623,1639
376,2499726,364,181150,2017-08-12 14:00:00,1,1619,10531
377,2499728,364,181150,2017-08-12 14:00:00,1,1627,1659
378,2499727,364,181150,2017-08-12 11:30:00,1,1644,1612
379,2499719,364,181150,2017-08-11 18:45:00,1,1609,1631
380,2501056,412,181189,2018-05-19 19:00:00,38,3783,3767
381,2501057,412,181189,2018-05-19 19:00:00,38,3804,3799
382,2501058,412,181189,2018-05-19 19:00:00,38,3766,3775
383,2501059,412,181189,2018-05-19 19:00:00,38,3771,3789
384,2501060,412,181189,2018-05-19 19:00:00,38,3777,3772
385,2501061,412,181189,2018-05-19 19:00:00,38,3770,3779
386,2501062,412,181189,2018-05-19 19:00:00,38,3774,3787
387,2501063,412,181189,2018-05-19 19:00:00,38,3782,3776
388,2501064,412,181189,2018-05-19 19:00:00,38,3780,3785
389,2501065,412,181189,2018-05-19 19:00:00,38,3795,19830
390,2501046,412,181189,2018-05-12 19:00:00,37,3789,3777
391,2501047,412,181189,2018-05-12 19:00:00,37,3799,3770
392,2501048,412,181189,2018-05-12 19:00:00,37,3772,3780
393,2501050,412,181189,2018-05-12 19:00:00,37,3776,3804
394,2501051,412,181189,2018-05-12 18:00:00,37,19830,3782
395,2501052,412,181189,2018-05-12 19:00:00,37,3787,3795
396,2501053,412,181189,2018-05-12 18:00:00,37,3775,3783
397,2501054,412,181189,2018-05-12 19:00:00,37,3767,3774
398,2501055,412,181189,2018-05-12 18:00:00,37,3779,3766
399,2501049,412,181189,2018-05-11 17:45:00,37,3785,3771
400,2501040,412,181189,2018-05-06 19:05:00,36,3771,3775
401,2501037,412,181189,2018-05-06 15:00:00,36,3783,19830
402,2501038,412,181189,2018-05-06 15:00:00,36,3804,3785
403,2501041,412,181189,2018-05-06 15:00:00,36,3777,3799
404,2501042,412,181189,2018-05-06 15:00:00,36,3770,3787
405,2501043,412,181189,2018-05-06 15:00:00,36,3774,3779
406,2501045,412,181189,2018-05-06 15:00:00,36,3780,3776
407,2501039,412,181189,2018-05-06 14:30:00,36,3766,3795
408,2501044,412,181189,2018-05-06 13:00:00,36,3782,3772
409,2501036,412,181189,2018-05-04 17:45:00,36,3789,3767
410,2501032,412,181189,2018-04-29 19:00:00,35,3767,3785
411,2501026,412,181189,2018-04-29 15:00:00,35,3799,3771
412,2501033,412,181189,2018-04-29 13:00:00,35,3774,3780
413,2501027,412,181189,2018-04-28 18:00:00,35,3772,3804
414,2501028,412,181189,2018-04-28 18:00:00,35,3776,3777
415,2501030,412,181189,2018-04-28 18:00:00,35,19830,3789
416,2501034,412,181189,2018-04-28 18:00:00,35,3779,3775
417,2501035,412,181189,2018-04-28 18:00:00,35,3795,3783
418,2501029,412,181189,2018-04-28 15:00:00,35,3766,3770
419,2501031,412,181189,2018-04-27 18:45:00,35,3787,3782
420,2501007,412,181189,2018-04-25 16:45:00,33,3783,3780
421,2501017,412,181189,2018-04-22 19:00:00,34,3772,3767
422,2501024,412,181189,2018-04-22 15:00:00,34,3782,3795
423,2501023,412,181189,2018-04-22 13:00:00,34,3775,3787
424,2501016,412,181189,2018-04-21 18:00:00,34,3789,3779
425,2501019,412,181189,2018-04-21 18:00:00,34,3785,19830
426,2501021,412,181189,2018-04-21 18:00:00,34,3777,3783
427,2501025,412,181189,2018-04-21 18:00:00,34,3780,3799
428,2501020,412,181189,2018-04-21 15:00:00,34,3771,3776
429,2501018,412,181189,2018-04-20 19:00:00,34,3804,3766
430,2501022,412,181189,2018-04-20 17:30:00,34,3770,3774
431,2501012,412,181189,2018-04-15 19:00:00,33,3767,19830
432,2501015,412,181189,2018-04-15 15:00:00,33,3795,3771
433,2501010,412,181189,2018-04-15 13:00:00,33,3787,3772
434,2501008,412,181189,2018-04-14 18:00:00,33,3776,3785
435,2501011,412,181189,2018-04-14 18:00:00,33,3770,3804
436,2501013,412,181189,2018-04-14 18:00:00,33,3774,3777
437,2501014,412,181189,2018-04-14 18:00:00,33,3779,3782
438,2501009,412,181189,2018-04-14 15:00:00,33,3766,3789
439,2501006,412,181189,2018-04-13 18:45:00,33,3799,3775
440,2501000,412,181189,2018-04-08 19:00:00,32,3771,3787
441,2501001,412,181189,2018-04-08 15:00:00,32,3777,3766
442,2501003,412,181189,2018-04-08 13:00:00,32,3775,3774
443,2500996,412,181189,2018-04-07 18:00:00,32,3789,3783
444,2500997,412,181189,2018-04-07 18:00:00,32,3799,3779
445,2500998,412,181189,2018-04-07 18:00:00,32,3772,3776
446,2500999,412,181189,2018-04-07 18:00:00,32,3785,3795
447,2501005,412,181189,2018-04-07 18:00:00,32,3780,3804
448,2501002,412,181189,2018-04-07 15:00:00,32,19830,3770
449,2501004,412,181189,2018-04-06 18:45:00,32,3782,3767
450,2500993,412,181189,2018-04-04 16:45:00,31,3774,19830
451,2500990,412,181189,2018-04-01 19:00:00,31,3766,3780
452,2500986,412,181189,2018-04-01 15:00:00,31,3783,3787
453,2500989,412,181189,2018-04-01 15:00:00,31,3776,3789
454,2500991,412,181189,2018-04-01 15:00:00,31,3770,3782
455,2500994,412,181189,2018-04-01 15:00:00,31,3779,3777
456,2500995,412,181189,2018-04-01 15:00:00,31,3795,3775
457,2500988,412,181189,2018-04-01 13:00:00,31,3785,3772
458,2500987,412,181189,2018-03-31 15:00:00,31,3804,3771
459,2500979,412,181189,2018-03-18 20:00:00,30,3771,3766
460,2500984,412,181189,2018-03-18 16:00:00,30,3782,3785
461,2500980,412,181189,2018-03-18 14:00:00,30,3777,3770
462,2500983,412,181189,2018-03-18 12:00:00,30,3775,3767
463,2500976,412,181189,2018-03-17 19:00:00,30,3789,3795
464,2500977,412,181189,2018-03-17 19:00:00,30,3799,3783
465,2500982,412,181189,2018-03-17 19:00:00,30,3787,3804
466,2500985,412,181189,2018-03-17 19:00:00,30,3780,3779
467,2500978,412,181189,2018-03-17 16:00:00,30,3772,3774
468,2500981,412,181189,2018-03-16 19:45:00,30,19830,3776
469,2500992,412,181189,2018-03-14 16:00:00,31,3767,3799
470,2500975,412,181189,2018-03-11 20:00:00,29,3780,3771
471,2500970,412,181189,2018-03-11 16:00:00,29,3766,3783
472,2500968,412,181189,2018-03-11 14:00:00,29,3785,3775
473,2500966,412,181189,2018-03-10 19:00:00,29,3772,3799
474,2500967,412,181189,2018-03-10 19:00:00,29,3804,3789
475,2500969,412,181189,2018-03-10 19:00:00,29,3776,3787
476,2500971,412,181189,2018-03-10 19:00:00,29,3770,3795
477,2500973,412,181189,2018-03-10 19:00:00,29,3774,3782
478,2500972,412,181189,2018-03-10 16:00:00,29,3767,3777
479,2500974,412,181189,2018-03-09 19:45:00,29,3779,19830
480,2500959,412,181189,2018-03-04 20:00:00,28,3771,3770
481,2500962,412,181189,2018-03-04 16:00:00,28,3787,3766
482,2500958,412,181189,2018-03-04 14:00:00,28,3783,3779
483,2500956,412,181189,2018-03-03 19:00:00,28,3789,3774
484,2500957,412,181189,2018-03-03 19:00:00,28,3799,3785
485,2500960,412,181189,2018-03-03 19:00:00,28,3777,3780
486,2500964,412,181189,2018-03-03 19:00:00,28,3782,3804
487,2500965,412,181189,2018-03-03 16:00:00,28,3795,3767
488,2500961,412,181189,2018-03-02 18:45:00,28,19830,3772
489,2500963,412,181189,2018-03-02 18:00:00,28,3775,3776
490,2500952,412,181189,2018-02-25 20:00:00,27,3767,3771
491,2500950,412,181189,2018-02-25 16:00:00,27,3766,3782
492,2500946,412,181189,2018-02-25 14:00:00,27,3772,3775
493,2500947,412,181189,2018-02-24 19:00:00,27,3804,3783
494,2500948,412,181189,2018-02-24 19:00:00,27,3785,3777
495,2500949,412,181189,2018-02-24 19:00:00,27,3776,3799
496,2500951,412,181189,2018-02-24 19:00:00,27,3770,3789
497,2500953,412,181189,2018-02-24 19:00:00,27,3774,3795
498,2500955,412,181189,2018-02-24 16:00:00,27,3780,19830
499,2500954,412,181189,2018-02-23 19:45:00,27,3779,3787
500,2500925,412,181189,2018-02-20 17:30:00,24,3795,3804
501,2500940,412,181189,2018-02-18 20:00:00,26,3771,3772
502,2500939,412,181189,2018-02-18 16:00:00,26,3776,3766
503,2500943,412,181189,2018-02-18 14:00:00,26,3775,3770
504,2500936,412,181189,2018-02-17 19:00:00,26,3789,3780
505,2500937,412,181189,2018-02-17 19:00:00,26,3799,3782
506,2500938,412,181189,2018-02-17 19:00:00,26,3783,3774
507,2500942,412,181189,2018-02-17 19:00:00,26,3787,3785
508,2500945,412,181189,2018-02-17 19:00:00,26,3795,3777
509,2500944,412,181189,2018-02-17 16:00:00,26,3767,3779
510,2500941,412,181189,2018-02-16 19:45:00,26,19830,3804
511,2500930,412,181189,2018-02-11 20:00:00,25,3766,3774
512,2500932,412,181189,2018-02-11 16:00:00,25,3770,3776
513,2500934,412,181189,2018-02-11 14:00:00,25,3779,3795
514,2500926,412,181189,2018-02-10 19:00:00,25,3799,19830
515,2500927,412,181189,2018-02-10 19:00:00,25,3772,3789
516,2500928,412,181189,2018-02-10 19:00:00,25,3804,3775
517,2500929,412,181189,2018-02-10 19:00:00,25,3785,3783
518,2500931,412,181189,2018-02-10 19:00:00,25,3777,3787
519,2500935,412,181189,2018-02-10 16:00:00,25,3780,3767
520,2500933,412,181189,2018-02-09 19:45:00,25,3782,3771
521,2500920,412,181189,2018-02-04 20:00:00,24,19830,3766
522,2500917,412,181189,2018-02-04 16:00:00,24,3783,3770
523,2500923,412,181189,2018-02-04 14:00:00,24,3774,3785
524,2500916,412,181189,2018-02-03 19:00:00,24,3789,3782
525,2500921,412,181189,2018-02-03 19:00:00,24,3787,3799
526,2500922,412,181189,2018-02-03 19:00:00,24,3775,3780
527,2500924,412,181189,2018-02-03 19:00:00,24,3779,3772
528,2500918,412,181189,2018-02-03 16:00:00,24,3776,3767
529,2500919,412,181189,2018-02-02 19:45:00,24,3771,3777
530,2500911,412,181189,2018-01-28 20:00:00,23,3771,19830
531,2500907,412,181189,2018-01-28 16:00:00,23,3772,3766
532,2500910,412,181189,2018-01-28 14:00:00,23,3776,3779
533,2500906,412,181189,2018-01-27 19:00:00,23,3799,3789
534,2500909,412,181189,2018-01-27 19:00:00,23,3785,3770
535,2500912,412,181189,2018-01-27 19:00:00,23,3777,3775
536,2500914,412,181189,2018-01-27 19:00:00,23,3782,3783
537,2500915,412,181189,2018-01-27 19:00:00,23,3780,3795
538,2500913,412,181189,2018-01-27 16:00:00,23,3767,3787
539,2500908,412,181189,2018-01-26 19:45:00,23,3804,3774
540,2500898,412,181189,2018-01-21 20:00:00,22,3766,3767
541,2500899,412,181189,2018-01-21 16:00:00,22,19830,3777
542,2500902,412,181189,2018-01-21 14:00:00,22,3775,3782
543,2500896,412,181189,2018-01-20 19:00:00,22,3789,3785
544,2500900,412,181189,2018-01-20 19:00:00,22,3787,3780
545,2500903,412,181189,2018-01-20 19:00:00,22,3774,3799
546,2500904,412,181189,2018-01-20 19:00:00,22,3779,3804
547,2500905,412,181189,2018-01-20 19:00:00,22,3795,3776
548,2500901,412,181189,2018-01-20 16:00:00,22,3770,3772
549,2500897,412,181189,2018-01-19 19:45:00,22,3783,3771
550,2500894,412,181189,2018-01-17 20:00:00,21,3767,3804
551,2500886,412,181189,2018-01-17 18:00:00,21,3789,3787
552,2500887,412,181189,2018-01-17 18:00:00,21,3799,3795
553,2500889,412,181189,2018-01-17 18:00:00,21,3785,3766
554,2500890,412,181189,2018-01-17 18:00:00,21,3776,3774
555,2500892,412,181189,2018-01-17 18:00:00,21,3777,3782
556,2500895,412,181189,2018-01-17 18:00:00,21,3780,3770
557,2500893,412,181189,2018-01-16 20:00:00,21,19830,3775
558,2500888,412,181189,2018-01-16 18:00:00,21,3772,3783
559,2500891,412,181189,2018-01-16 18:00:00,21,3771,3779
560,2500880,412,181189,2018-01-14 20:00:00,20,3770,3767
561,2500878,412,181189,2018-01-14 16:00:00,20,3766,3799
562,2500883,412,181189,2018-01-14 14:00:00,20,3782,3780
563,2500876,412,181189,2018-01-13 19:00:00,20,3783,3776
564,2500877,412,181189,2018-01-13 19:00:00,20,3804,3777
565,2500879,412,181189,2018-01-13 19:00:00,20,3787,19830
566,2500881,412,181189,2018-01-13 19:00:00,20,3775,3789
567,2500885,412,181189,2018-01-13 19:00:00,20,3795,3772
568,2500882,412,181189,2018-01-13 16:00:00,20,3774,3771
569,2500884,412,181189,2018-01-12 19:45:00,20,3779,3785
570,2500867,412,181189,2017-12-20 19:50:00,19,3799,3804
571,2500870,412,181189,2017-12-20 19:50:00,19,3776,3775
572,2500871,412,181189,2017-12-20 19:50:00,19,3771,3795
573,2500874,412,181189,2017-12-20 19:50:00,19,3767,3783
574,2500866,412,181189,2017-12-20 19:50:00,19,3789,3770
575,2500868,412,181189,2017-12-20 19:50:00,19,3772,3787
576,2500869,412,181189,2017-12-20 19:50:00,19,3785,3782
577,2500872,412,181189,2017-12-20 19:50:00,19,3777,3779
578,2500873,412,181189,2017-12-20 19:50:00,19,19830,3774
579,2500875,412,181189,2017-12-20 19:50:00,19,3780,3766
580,2500858,412,181189,2017-12-17 20:00:00,18,3766,3771
581,2500861,412,181189,2017-12-17 16:00:00,18,3775,3772
582,2500860,412,181189,2017-12-17 14:00:00,18,3770,3799
583,2500859,412,181189,2017-12-16 19:00:00,18,3787,3777
584,2500856,412,181189,2017-12-16 19:00:00,18,3783,3785
585,2500857,412,181189,2017-12-16 19:00:00,18,3804,3776
586,2500864,412,181189,2017-12-16 19:00:00,18,3779,3780
587,2500865,412,181189,2017-12-16 19:00:00,18,3795,3789
588,2500862,412,181189,2017-12-16 16:00:00,18,3774,3767
589,2500863,412,181189,2017-12-15 19:45:00,18,3782,19830
590,2500850,412,181189,2017-12-10 20:00:00,17,3771,3782
591,2500853,412,181189,2017-12-10 16:00:00,17,3770,3775
592,2500846,412,181189,2017-12-10 14:00:00,17,3789,3766
593,2500847,412,181189,2017-12-09 19:00:00,17,3799,3787
594,2500849,412,181189,2017-12-09 19:00:00,17,3785,3804
595,2500851,412,181189,2017-12-09 19:00:00,17,3777,3774
596,2500852,412,181189,2017-12-09 19:00:00,17,19830,3795
597,2500855,412,181189,2017-12-09 19:00:00,17,3780,3783
598,2500854,412,181189,2017-12-09 16:00:00,17,3767,3776
599,2500848,412,181189,2017-12-08 19:45:00,17,3772,3779
600,2500840,412,181189,2017-12-03 20:00:00,16,3787,3771
601,2500836,412,181189,2017-12-03 16:00:00,16,3783,3766
602,2500843,412,181189,2017-12-03 14:00:00,16,3782,3770
603,2500838,412,181189,2017-12-02 19:00:00,16,3776,3780
604,2500839,412,181189,2017-12-02 19:00:00,16,19830,3799
605,2500841,412,181189,2017-12-02 19:00:00,16,3775,3777
606,2500842,412,181189,2017-12-02 19:00:00,16,3774,3789
607,2500845,412,181189,2017-12-02 19:00:00,16,3795,3785
608,2500844,412,181189,2017-12-02 16:00:00,16,3779,3767
609,2500837,412,181189,2017-12-01 19:45:00,16,3804,3772
610,2500833,412,181189,2017-11-29 20:00:00,15,3767,3795
611,2500827,412,181189,2017-11-29 18:00:00,15,3799,3774
612,2500829,412,181189,2017-11-29 18:00:00,15,3785,3787
613,2500830,412,181189,2017-11-29 18:00:00,15,3766,3776
614,2500831,412,181189,2017-11-29 18:00:00,15,3777,3771
615,2500832,412,181189,2017-11-29 18:00:00,15,3770,19830
616,2500835,412,181189,2017-11-29 18:00:00,15,3780,3775
617,2500828,412,181189,2017-11-28 20:00:00,15,3772,3782
618,2500826,412,181189,2017-11-28 18:00:00,15,3789,3804
619,2500834,412,181189,2017-11-28 18:00:00,15,3779,3783
620,2500820,412,181189,2017-11-26 20:00:00,14,19830,3767
621,2500818,412,181189,2017-11-26 16:00:00,14,3771,3785
622,2500822,412,181189,2017-11-26 14:00:00,14,3775,3766
623,2500816,412,181189,2017-11-25 19:00:00,14,3783,3772
624,2500817,412,181189,2017-11-25 19:00:00,14,3804,3780
625,2500819,412,181189,2017-11-25 19:00:00,14,3777,3789
626,2500821,412,181189,2017-11-25 19:00:00,14,3787,3776
627,2500825,412,181189,2017-11-25 19:00:00,14,3795,3799
628,2500823,412,181189,2017-11-25 16:00:00,14,3774,3770
629,2500824,412,181189,2017-11-24 19:45:00,14,3782,3779
630,2500756,412,181189,2017-11-20 18:00:00,8,3789,3776
631,2500807,412,181189,2017-11-19 20:00:00,13,3772,3771
632,2500812,412,181189,2017-11-19 16:00:00,13,3766,3787
633,2500808,412,181189,2017-11-19 14:00:00,13,3783,3775
634,2500809,412,181189,2017-11-18 19:00:00,13,3804,3795
635,2500810,412,181189,2017-11-18 19:00:00,13,3785,3799
636,2500814,412,181189,2017-11-18 19:00:00,13,3779,3774
637,2500815,412,181189,2017-11-18 19:00:00,13,3780,3777
638,2500813,412,181189,2017-11-18 16:00:00,13,3767,3770
639,2500806,412,181189,2017-11-17 19:45:00,13,3789,19830
640,2500811,412,181189,2017-11-17 18:00:00,13,3776,3782
641,2500804,412,181189,2017-11-05 20:00:00,12,3782,3766
642,2500797,412,181189,2017-11-05 16:00:00,12,3771,3783
643,2500798,412,181189,2017-11-05 16:00:00,12,3777,3776
644,2500802,412,181189,2017-11-05 14:00:00,12,3775,3804
645,2500799,412,181189,2017-11-04 19:00:00,12,19830,3785
646,2500800,412,181189,2017-11-04 19:00:00,12,3787,3789
647,2500801,412,181189,2017-11-04 19:00:00,12,3770,3780
648,2500805,412,181189,2017-11-04 19:00:00,12,3795,3779
649,2500796,412,181189,2017-11-04 16:00:00,12,3799,3767
650,2500803,412,181189,2017-11-03 19:45:00,12,3774,3772
651,2500790,412,181189,2017-10-29 20:00:00,11,3776,3771
652,2500795,412,181189,2017-10-29 16:00:00,11,3780,3782
653,2500791,412,181189,2017-10-29 14:00:00,11,3766,3777
654,2500787,412,181189,2017-10-28 18:00:00,11,3783,3795
655,2500788,412,181189,2017-10-28 18:00:00,11,3804,3770
656,2500789,412,181189,2017-10-28 18:00:00,11,3785,3789
657,2500792,412,181189,2017-10-28 18:00:00,11,3787,3774
658,2500794,412,181189,2017-10-28 18:00:00,11,3779,3799
659,2500786,412,181189,2017-10-28 15:00:00,11,3772,19830
660,2500793,412,181189,2017-10-27 18:45:00,11,3767,3775
661,2500778,412,181189,2017-10-22 19:00:00,10,3771,3767
662,2500785,412,181189,2017-10-22 15:00:00,10,3795,3766
663,2500782,412,181189,2017-10-22 13:00:00,10,3775,3779
664,2500776,412,181189,2017-10-21 18:00:00,10,3789,3772
665,2500777,412,181189,2017-10-21 18:00:00,10,3799,3780
666,2500779,412,181189,2017-10-21 18:00:00,10,3777,3804
667,2500781,412,181189,2017-10-21 18:00:00,10,3770,3785
668,2500783,412,181189,2017-10-21 18:00:00,10,3774,3776
669,2500780,412,181189,2017-10-21 15:00:00,10,19830,3783
670,2500784,412,181189,2017-10-20 18:45:00,10,3782,3787
671,2500774,412,181189,2017-10-15 19:00:00,9,3779,3771
672,2500772,412,181189,2017-10-15 15:00:00,9,3787,3775
673,2500766,412,181189,2017-10-15 13:00:00,9,3772,3770
674,2500767,412,181189,2017-10-14 18:00:00,9,3783,3799
675,2500769,412,181189,2017-10-14 18:00:00,9,3785,3774
676,2500770,412,181189,2017-10-14 18:00:00,9,3776,3795
677,2500773,412,181189,2017-10-14 18:00:00,9,3782,3777
678,2500775,412,181189,2017-10-14 18:00:00,9,3780,3789
679,2500768,412,181189,2017-10-14 15:00:00,9,3804,3767
680,2500771,412,181189,2017-10-13 18:45:00,9,3766,19830
681,2500762,412,181189,2017-10-01 19:00:00,8,3775,3771
682,2500757,412,181189,2017-10-01 15:00:00,8,3799,3766
683,2500765,412,181189,2017-10-01 13:00:00,8,3795,3782
684,2500758,412,181189,2017-09-30 18:00:00,8,3804,3779
685,2500759,412,181189,2017-09-30 18:00:00,8,3785,3780
686,2500761,412,181189,2017-09-30 18:00:00,8,3770,3777
687,2500764,412,181189,2017-09-30 18:00:00,8,3774,3783
688,2500763,412,181189,2017-09-30 15:00:00,8,3767,3772
689,2500760,412,181189,2017-09-29 18:45:00,8,19830,3787
690,2500750,412,181189,2017-09-24 19:00:00,7,3771,3780
691,2500755,412,181189,2017-09-24 15:00:00,7,3779,3770
692,2500754,412,181189,2017-09-24 13:00:00,7,3782,3774
693,2500746,412,181189,2017-09-23 18:00:00,7,3772,3785
694,2500747,412,181189,2017-09-23 18:00:00,7,3783,3789
695,2500749,412,181189,2017-09-23 18:00:00,7,3766,3804
696,2500751,412,181189,2017-09-23 18:00:00,7,3777,3795
697,2500752,412,181189,2017-09-23 15:00:00,7,3787,3767
698,2500748,412,181189,2017-09-22 18:45:00,7,3776,19830
699,2500753,412,181189,2017-09-22 17:00:00,7,3775,3799
700,2500742,412,181189,2017-09-17 19:00:00,6,3767,3766
701,2500737,412,181189,2017-09-17 15:00:00,6,3799,3777
702,2500743,412,181189,2017-09-17 15:00:00,6,3774,3775
703,2500736,412,181189,2017-09-17 13:00:00,6,3789,3771
704,2500738,412,181189,2017-09-16 18:00:00,6,3804,3782
705,2500739,412,181189,2017-09-16 18:00:00,6,3785,3776
706,2500741,412,181189,2017-09-16 18:00:00,6,3770,3783
707,2500745,412,181189,2017-09-16 18:00:00,6,3795,3787
708,2500740,412,181189,2017-09-16 15:00:00,6,19830,3779
709,2500744,412,181189,2017-09-15 18:45:00,6,3780,3772
710,2500729,412,181189,2017-09-10 19:00:00,5,3771,3774
711,2500728,412,181189,2017-09-10 15:00:00,5,3766,3785
712,2500733,412,181189,2017-09-10 13:00:00,5,3782,3799
713,2500726,412,181189,2017-09-09 18:00:00,5,3783,3804
714,2500731,412,181189,2017-09-09 18:00:00,5,3787,3770
715,2500734,412,181189,2017-09-09 18:00:00,5,3779,3789
716,2500735,412,181189,2017-09-09 18:00:00,5,3795,3780
717,2500732,412,181189,2017-09-09 15:00:00,5,3775,19830
718,2500730,412,181189,2017-09-08 18:45:00,5,3777,3767
719,2500727,412,181189,2017-09-08 17:00:00,5,3776,3772
720,2500722,412,181189,2017-08-27 19:00:00,4,19830,3771
721,2500717,412,181189,2017-08-27 15:00:00,4,3799,3776
722,2500721,412,181189,2017-08-27 13:00:00,4,3785,3779
723,2500716,412,181189,2017-08-26 18:00:00,4,3789,3775
724,2500718,412,181189,2017-08-26 18:00:00,4,3772,3795
725,2500719,412,181189,2017-08-26 18:00:00,4,3783,3777
726,2500720,412,181189,2017-08-26 18:00:00,4,3804,3787
727,2500725,412,181189,2017-08-26 18:00:00,4,3780,3774
728,2500723,412,181189,2017-08-26 15:15:00,4,3770,3766
729,2500724,412,181189,2017-08-25 18:45:00,4,3767,3782
730,2500712,412,181189,2017-08-20 19:00:00,3,3767,3780
731,2500708,412,181189,2017-08-20 15:00:00,3,3771,3799
732,2500706,412,181189,2017-08-20 13:00:00,3,3776,3783
733,2500710,412,181189,2017-08-19 18:00:00,3,3787,3779
734,2500711,412,181189,2017-08-19 18:00:00,3,3775,3785
735,2500713,412,181189,2017-08-19 18:00:00,3,3774,3804
736,2500714,412,181189,2017-08-19 18:00:00,3,3782,3789
737,2500715,412,181189,2017-08-19 18:00:00,3,3795,3770
738,2500707,412,181189,2017-08-19 15:00:00,3,3766,3772
739,2500709,412,181189,2017-08-18 18:45:00,3,3777,19830
740,2500700,412,181189,2017-08-13 19:00:00,2,3785,3767
741,2500699,412,181189,2017-08-13 15:00:00,2,3804,19830
742,2500704,412,181189,2017-08-13 13:00:00,2,3779,3776
743,2500696,412,181189,2017-08-12 18:00:00,2,3789,3799
744,2500697,412,181189,2017-08-12 18:00:00,2,3772,3777
745,2500698,412,181189,2017-08-12 18:00:00,2,3783,3782
746,2500705,412,181189,2017-08-12 18:00:00,2,3780,3787
747,2500701,412,181189,2017-08-12 15:00:00,2,3770,3771
748,2500703,412,181189,2017-08-11 18:45:00,2,3774,3766
749,2500702,412,181189,2017-08-11 17:00:00,2,3775,3795
750,2500689,412,181189,2017-08-06 19:00:00,1,3771,3804
751,2500686,412,181189,2017-08-06 15:00:00,1,3799,3772
752,2500687,412,181189,2017-08-06 13:00:00,1,3776,3770
753,2500688,412,181189,2017-08-05 18:00:00,1,3766,3779
754,2500690,412,181189,2017-08-05 18:00:00,1,3777,3785
755,2500692,412,181189,2017-08-05 18:00:00,1,3787,3783
756,2500694,412,181189,2017-08-05 18:00:00,1,3782,3775
757,2500695,412,181189,2017-08-05 18:00:00,1,3795,3774
758,2500693,412,181189,2017-08-05 15:15:00,1,3767,3789
759,2500691,412,181189,2017-08-04 18:45:00,1,19830,3780
760,2517036,426,181137,2018-05-12 13:30:00,34,2444,2445
761,2517037,426,181137,2018-05-12 13:30:00,34,2482,2447
762,2517038,426,181137,2018-05-12 13:30:00,34,2457,2975
763,2517039,426,181137,2018-05-12 13:30:00,34,2453,2481
764,2517040,426,181137,2018-05-12 13:30:00,34,2449,2462
765,2517041,426,181137,2018-05-12 13:30:00,34,2446,2455
766,2517042,426,181137,2018-05-12 13:30:00,34,2450,2454
767,2517043,426,181137,2018-05-12 13:30:00,34,2460,2443
768,2517044,426,181137,2018-05-12 13:30:00,34,2451,2463
769,2517027,426,181137,2018-05-05 13:30:00,33,2447,2460
770,2517028,426,181137,2018-05-05 13:30:00,33,2975,2451
771,2517029,426,181137,2018-05-05 13:30:00,33,2463,2444
772,2517030,426,181137,2018-05-05 13:30:00,33,2443,2446
773,2517031,426,181137,2018-05-05 13:30:00,33,2454,2453
774,2517032,426,181137,2018-05-05 13:30:00,33,2462,2450
775,2517033,426,181137,2018-05-05 13:30:00,33,2481,2449
776,2517034,426,181137,2018-05-05 13:30:00,33,2455,2457
777,2517035,426,181137,2018-05-05 13:30:00,33,2445,2482
778,2517022,426,181137,2018-04-29 16:00:00,32,2443,2447
779,2517025,426,181137,2018-04-29 13:30:00,32,2460,2975
780,2517024,426,181137,2018-04-28 16:30:00,32,2446,2445
781,2517018,426,181137,2018-04-28 13:30:00,32,2444,2462
782,2517020,426,181137,2018-04-28 13:30:00,32,2457,2481
783,2517021,426,181137,2018-04-28 13:30:00,32,2453,2463
784,2517023,426,181137,2018-04-28 13:30:00,32,2449,2454
785,2517026,426,181137,2018-04-28 13:30:00,32,2451,2450
786,2517019,426,181137,2018-04-27 18:30:00,32,2482,2455
787,2517011,426,181137,2018-04-22 16:00:00,31,2463,2449
788,2517014,426,181137,2018-04-22 13:30:00,31,2481,2460
789,2517009,426,181137,2018-04-21 16:30:00,31,2447,2446
790,2517010,426,181137,2018-04-21 13:30:00,31,2975,2482
791,2517013,426,181137,2018-04-21 13:30:00,31,2462,2457
792,2517015,426,181137,2018-04-21 13:30:00,31,2450,2453
793,2517016,426,181137,2018-04-21 13:30:00,31,2455,2444
794,2517017,426,181137,2018-04-21 13:30:00,31,2445,2443
795,2517012,426,181137,2018-04-20 18:30:00,31,2454,2451
796,2517006,426,181137,2018-04-16 17:30:00,30,2460,2453
797,2517003,426,181137,2018-04-15 16:00:00,30,2443,2975
798,2517004,426,181137,2018-04-15 13:30:00,30,2449,2447
799,2517000,426,181137,2018-04-14 16:30:00,30,2444,2454
800,2517001,426,181137,2018-04-14 13:30:00,30,2482,2450
801,2517002,426,181137,2018-04-14 13:30:00,30,2457,2463
802,2517005,426,181137,2018-04-14 13:30:00,30,2446,2462
803,2517008,426,181137,2018-04-14 13:30:00,30,2445,2455
804,2517007,426,181137,2018-04-13 18:30:00,30,2451,2481
805,2516992,426,181137,2018-04-09 18:30:00,29,2975,2446
806,2516996,426,181137,2018-04-08 16:00:00,29,2462,2482
807,2516991,426,181137,2018-04-08 13:30:00,29,2447,2445
808,2516998,426,181137,2018-04-07 16:30:00,29,2450,2449
809,2516993,426,181137,2018-04-07 13:30:00,29,2463,2460
810,2516994,426,181137,2018-04-07 13:30:00,29,2453,2451
811,2516995,426,181137,2018-04-07 13:30:00,29,2454,2457
812,2516997,426,181137,2018-04-07 13:30:00,29,2481,2444
813,2516999,426,181137,2018-04-06 18:30:00,29,2455,2443
814,2516988,426,181137,2018-04-01 16:00:00,28,2460,2454
815,2516985,426,181137,2018-04-01 13:30:00,28,2443,2462
816,2516984,426,181137,2018-03-31 18:30:00,28,2457,2451
817,2516982,426,181137,2018-03-31 16:30:00,28,2444,2447
818,2516983,426,181137,2018-03-31 13:30:00,28,2482,2463
819,2516986,426,181137,2018-03-31 13:30:00,28,2449,2453
820,2516987,426,181137,2018-03-31 13:30:00,28,2446,2481
821,2516989,426,181137,2018-03-31 13:30:00,28,2455,2975
822,2516990,426,181137,2018-03-31 13:30:00,28,2445,2450
823,2516974,426,181137,2018-03-18 17:00:00,27,2975,2444
824,2516975,426,181137,2018-03-18 14:30:00,27,2463,2446
825,2516973,426,181137,2018-03-18 12:30:00,27,2447,2455
826,2516981,426,181137,2018-03-17 17:30:00,27,2451,2449
827,2516977,426,181137,2018-03-17 14:30:00,27,2454,2482
828,2516978,426,181137,2018-03-17 14:30:00,27,2462,2460
829,2516979,426,181137,2018-03-17 14:30:00,27,2481,2443
830,2516980,426,181137,2018-03-17 14:30:00,27,2450,2457
831,2516976,426,181137,2018-03-16 19:30:00,27,2453,2445
832,2516968,426,181137,2018-03-12 19:30:00,26,2443,2463
833,2516965,426,181137,2018-03-11 17:00:00,26,2447,2462
834,2516972,426,181137,2018-03-11 14:30:00,26,2445,2975
835,2516969,426,181137,2018-03-10 17:30:00,26,2446,2454
836,2516964,426,181137,2018-03-10 14:30:00,26,2444,2450
837,2516966,426,181137,2018-03-10 14:30:00,26,2482,2451
838,2516967,426,181137,2018-03-10 14:30:00,26,2457,2453
839,2516971,426,181137,2018-03-10 14:30:00,26,2455,2481
840,2516970,426,181137,2018-03-09 19:30:00,26,2460,2449
841,2516957,426,181137,2018-03-04 17:00:00,25,2453,2444
842,2516956,426,181137,2018-03-04 14:30:00,25,2463,2445
843,2516955,426,181137,2018-03-03 17:30:00,25,2975,2447
844,2516959,426,181137,2018-03-03 14:30:00,25,2449,2457
845,2516960,426,181137,2018-03-03 14:30:00,25,2462,2455
846,2516961,426,181137,2018-03-03 14:30:00,25,2481,2482
847,2516962,426,181137,2018-03-03 14:30:00,25,2450,2460
848,2516963,426,181137,2018-03-03 14:30:00,25,2451,2446
849,2516958,426,181137,2018-03-02 19:30:00,25,2454,2443
850,2516947,426,181137,2018-02-26 19:30:00,24,2447,2481
851,2516948,426,181137,2018-02-25 17:00:00,24,2975,2463
852,2516951,426,181137,2018-02-25 14:30:00,24,2446,2449
853,2516950,426,181137,2018-02-24 17:30:00,24,2443,2450
854,2516946,426,181137,2018-02-24 14:30:00,24,2444,2457
855,2516949,426,181137,2018-02-24 14:30:00,24,2482,2453
856,2516953,426,181137,2018-02-24 14:30:00,24,2455,2454
857,2516954,426,181137,2018-02-24 14:30:00,24,2445,2462
858,2516952,426,181137,2018-02-23 19:30:00,24,2460,2451
859,2516942,426,181137,2018-02-19 19:30:00,23,2462,2975
860,2516940,426,181137,2018-02-18 17:00:00,23,2454,2447
861,2516943,426,181137,2018-02-18 14:30:00,23,2481,2445
862,2516941,426,181137,2018-02-17 17:30:00,23,2449,2482
863,2516937,426,181137,2018-02-17 14:30:00,23,2463,2455
864,2516939,426,181137,2018-02-17 14:30:00,23,2453,2443
865,2516944,426,181137,2018-02-17 14:30:00,23,2450,2446
866,2516945,426,181137,2018-02-17 14:30:00,23,2451,2444
867,2516938,426,181137,2018-02-16 19:30:00,23,2457,2460
868,2516932,426,181137,2018-02-11 17:00:00,22,2443,2451
869,2516936,426,181137,2018-02-11 14:30:00,22,2445,2454
870,2516928,426,181137,2018-02-10 17:30:00,22,2444,2449
871,2516929,426,181137,2018-02-10 14:30:00,22,2447,2450
872,2516931,426,181137,2018-02-10 14:30:00,22,2482,2460
873,2516933,426,181137,2018-02-10 14:30:00,22,2462,2463
874,2516934,426,181137,2018-02-10 14:30:00,22,2446,2457
875,2516935,426,181137,2018-02-10 14:30:00,22,2455,2453
876,2516930,426,181137,2018-02-09 19:30:00,22,2975,2481
877,2516925,426,181137,2018-02-04 17:00:00,21,2450,2455
878,2516924,426,181137,2018-02-04 14:30:00,21,2481,2462
879,2516922,426,181137,2018-02-03 17:30:00,21,2454,2975
880,2516920,426,181137,2018-02-03 14:30:00,21,2457,2482
881,2516921,426,181137,2018-02-03 14:30:00,21,2453,2446
882,2516923,426,181137,2018-02-03 14:30:00,21,2449,2443
883,2516926,426,181137,2018-02-03 14:30:00,21,2460,2444
884,2516927,426,181137,2018-02-03 14:30:00,21,2451,2445
885,2516919,426,181137,2018-02-02 19:30:00,21,2463,2447
886,2516917,426,181137,2018-01-28 17:00:00,20,2455,2451
887,2516916,426,181137,2018-01-28 14:30:00,20,2446,2460
888,2516914,426,181137,2018-01-27 17:30:00,20,2443,2457
889,2516910,426,181137,2018-01-27 14:30:00,20,2444,2482
890,2516911,426,181137,2018-01-27 14:30:00,20,2447,2453
891,2516912,426,181137,2018-01-27 14:30:00,20,2975,2450
892,2516913,426,181137,2018-01-27 14:30:00,20,2463,2481
893,2516918,426,181137,2018-01-27 14:30:00,20,2445,2449
894,2516915,426,181137,2018-01-26 19:30:00,20,2462,2454
895,2516906,426,181137,2018-01-21 17:00:00,19,2449,2455
896,2516901,426,181137,2018-01-21 14:30:00,19,2444,2443
897,2516907,426,181137,2018-01-20 17:30:00,19,2450,2463
898,2516902,426,181137,2018-01-20 14:30:00,19,2482,2446
899,2516904,426,181137,2018-01-20 14:30:00,19,2453,2975
900,2516905,426,181137,2018-01-20 14:30:00,19,2454,2481
901,2516908,426,181137,2018-01-20 14:30:00,19,2460,2445
902,2516909,426,181137,2018-01-20 14:30:00,19,2451,2462
903,2516903,426,181137,2018-01-19 19:30:00,19,2457,2447
904,2516892,426,181137,2018-01-14 17:00:00,18,2447,2451
905,2516894,426,181137,2018-01-14 14:30:00,18,2463,2454
906,2516893,426,181137,2018-01-13 17:30:00,18,2975,2449
907,2516896,426,181137,2018-01-13 14:30:00,18,2462,2453
908,2516895,426,181137,2018-01-13 14:30:00,18,2443,2482
909,2516898,426,181137,2018-01-13 14:30:00,18,2481,2450
910,2516899,426,181137,2018-01-13 14:30:00,18,2455,2460
911,2516900,426,181137,2018-01-13 14:30:00,18,2445,2457
912,2516897,426,181137,2018-01-12 19:30:00,18,2446,2444
913,2516884,426,181137,2017-12-17 17:00:00,17,2975,2457
914,2516890,426,181137,2017-12-17 14:30:00,17,2455,2446
915,2516883,426,181137,2017-12-16 17:30:00,17,2447,2482
916,2516888,426,181137,2017-12-16 14:30:00,17,2462,2449
917,2516885,426,181137,2017-12-16 14:30:00,17,2463,2451
918,2516886,426,181137,2017-12-16 14:30:00,17,2443,2460
919,2516889,426,181137,2017-12-16 14:30:00,17,2481,2453
920,2516891,426,181137,2017-12-16 14:30:00,17,2445,2444
921,2516887,426,181137,2017-12-15 19:30:00,17,2454,2450
922,2516874,426,181137,2017-12-13 19:30:00,16,2444,2463
923,2516876,426,181137,2017-12-13 19:30:00,16,2457,2455
924,2516878,426,181137,2017-12-13 19:30:00,16,2449,2481
925,2516879,426,181137,2017-12-13 19:30:00,16,2446,2443
926,2516875,426,181137,2017-12-13 17:30:00,16,2482,2445
927,2516880,426,181137,2017-12-12 19:30:00,16,2450,2462
928,2516881,426,181137,2017-12-12 19:30:00,16,2460,2447
929,2516877,426,181137,2017-12-12 19:30:00,16,2453,2454
930,2516882,426,181137,2017-12-12 17:30:00,16,2451,2975
931,2516870,426,181137,2017-12-10 17:00:00,15,2481,2457
932,2516872,426,181137,2017-12-10 14:30:00,15,2455,2482
933,2516867,426,181137,2017-12-10 12:30:00,15,2463,2453
934,2516868,426,181137,2017-12-09 17:30:00,15,2454,2449
935,2516865,426,181137,2017-12-09 14:30:00,15,2447,2443
936,2516866,426,181137,2017-12-09 14:30:00,15,2975,2460
937,2516869,426,181137,2017-12-09 14:30:00,15,2462,2444
938,2516871,426,181137,2017-12-09 14:30:00,15,2450,2451
939,2516873,426,181137,2017-12-08 19:30:00,15,2445,2446
940,2516864,426,181137,2017-12-03 17:00:00,14,2451,2454
941,2516858,426,181137,2017-12-03 14:30:00,14,2457,2462
942,2516861,426,181137,2017-12-02 17:30:00,14,2449,2463
943,2516856,426,181137,2017-12-02 14:30:00,14,2444,2455
944,2516857,426,181137,2017-12-02 14:30:00,14,2482,2975
945,2516860,426,181137,2017-12-02 14:30:00,14,2443,2445
946,2516862,426,181137,2017-12-02 14:30:00,14,2446,2447
947,2516863,426,181137,2017-12-02 14:30:00,14,2460,2481
948,2516859,426,181137,2017-12-01 19:30:00,14,2453,2450
949,2516849,426,181137,2017-11-26 17:00:00,13,2463,2457
950,2516854,426,181137,2017-11-26 14:30:00,13,2450,2482
951,2516851,426,181137,2017-11-25 17:30:00,13,2454,2444
952,2516847,426,181137,2017-11-25 14:30:00,13,2447,2449
953,2516848,426,181137,2017-11-25 14:30:00,13,2975,2443
954,2516850,426,181137,2017-11-25 14:30:00,13,2453,2460
955,2516853,426,181137,2017-11-25 14:30:00,13,2481,2451
956,2516852,426,181137,2017-11-25 14:30:00,13,2462,2446
957,2516855,426,181137,2017-11-24 19:30:00,13,2455,2445
958,2516841,426,181137,2017-11-19 17:00:00,12,2443,2455
959,2516842,426,181137,2017-11-19 14:30:00,12,2449,2450
960,2516840,426,181137,2017-11-18 17:30:00,12,2457,2454
961,2516838,426,181137,2017-11-18 14:30:00,12,2444,2481
962,2516839,426,181137,2017-11-18 14:30:00,12,2482,2462
963,2516843,426,181137,2017-11-18 14:30:00,12,2446,2975
964,2516844,426,181137,2017-11-18 14:30:00,12,2460,2463
965,2516845,426,181137,2017-11-18 14:30:00,12,2451,2453
966,2516846,426,181137,2017-11-17 19:30:00,12,2445,2447
967,2516837,426,181137,2017-11-05 17:00:00,11,2451,2457
968,2516831,426,181137,2017-11-05 14:30:00,11,2463,2482
969,2516829,426,181137,2017-11-04 17:30:00,11,2447,2444
970,2516830,426,181137,2017-11-04 14:30:00,11,2975,2455
971,2516832,426,181137,2017-11-04 14:30:00,11,2453,2449
972,2516833,426,181137,2017-11-04 14:30:00,11,2454,2460
973,2516835,426,181137,2017-11-04 14:30:00,11,2481,2446
974,2516836,426,181137,2017-11-04 14:30:00,11,2450,2445
975,2516834,426,181137,2017-11-03 19:30:00,11,2462,2443
976,2516828,426,181137,2017-10-29 17:00:00,10,2445,2453
977,2516823,426,181137,2017-10-29 14:30:00,10,2443,2481
978,2516820,426,181137,2017-10-28 16:30:00,10,2444,2975
979,2516821,426,181137,2017-10-28 13:30:00,10,2482,2454
980,2516822,426,181137,2017-10-28 13:30:00,10,2457,2450
981,2516824,426,181137,2017-10-28 13:30:00,10,2449,2451
982,2516825,426,181137,2017-10-28 13:30:00,10,2446,2463
983,2516827,426,181137,2017-10-28 13:30:00,10,2455,2447
984,2516826,426,181137,2017-10-27 18:30:00,10,2460,2462
985,2516819,426,181137,2017-10-22 16:00:00,9,2451,2482
986,2516813,426,181137,2017-10-22 13:30:00,9,2453,2457
987,2516812,426,181137,2017-10-22 11:30:00,9,2463,2443
988,2516818,426,181137,2017-10-21 16:30:00,9,2450,2444
989,2516811,426,181137,2017-10-21 13:30:00,9,2975,2445
990,2516814,426,181137,2017-10-21 13:30:00,9,2454,2446
991,2516816,426,181137,2017-10-21 13:30:00,9,2462,2447
992,2516817,426,181137,2017-10-21 13:30:00,9,2481,2455
993,2516815,426,181137,2017-10-20 18:30:00,9,2449,2460
994,2516806,426,181137,2017-10-15 16:00:00,8,2443,2454
995,2516807,426,181137,2017-10-15 13:30:00,8,2446,2451
996,2516803,426,181137,2017-10-14 16:30:00,8,2447,2975
997,2516802,426,181137,2017-10-14 13:30:00,8,2444,2453
998,2516804,426,181137,2017-10-14 13:30:00,8,2482,2481
999,2516805,426,181137,2017-10-14 13:30:00,8,2457,2449
1000,2516808,426,181137,2017-10-14 13:30:00,8,2460,2450
1001,2516809,426,181137,2017-10-14 13:30:00,8,2455,2462
1002,2516810,426,181137,2017-10-13 18:30:00,8,2445,2463
1003,2516793,426,181137,2017-10-01 16:00:00,7,2463,2975
1004,2516794,426,181137,2017-10-01 13:30:00,7,2457,2444
1005,2516795,426,181137,2017-10-01 11:30:00,7,2453,2482
1006,2516800,426,181137,2017-09-30 16:30:00,7,2450,2443
1007,2516796,426,181137,2017-09-30 13:30:00,7,2454,2455
1008,2516798,426,181137,2017-09-30 13:30:00,7,2462,2445
1009,2516799,426,181137,2017-09-30 13:30:00,7,2481,2447
1010,2516801,426,181137,2017-09-30 13:30:00,7,2451,2460
1011,2516797,426,181137,2017-09-29 18:30:00,7,2449,2446
1012,2516789,426,181137,2017-09-24 16:00:00,6,2446,2450
1013,2516791,426,181137,2017-09-24 13:30:00,6,2455,2463
1014,2516785,426,181137,2017-09-23 16:30:00,6,2447,2454
1015,2516786,426,181137,2017-09-23 13:30:00,6,2975,2462
1016,2516787,426,181137,2017-09-23 13:30:00,6,2482,2449
1017,2516788,426,181137,2017-09-23 13:30:00,6,2443,2453
1018,2516790,426,181137,2017-09-23 13:30:00,6,2460,2457
1019,2516792,426,181137,2017-09-23 13:30:00,6,2445,2481
1020,2516784,426,181137,2017-09-22 18:30:00,6,2444,2451
1021,2516776,426,181137,2017-09-20 18:30:00,5,2457,2446
1022,2516777,426,181137,2017-09-20 18:30:00,5,2453,2455
1023,2516781,426,181137,2017-09-20 18:30:00,5,2450,2447
1024,2516782,426,181137,2017-09-20 18:30:00,5,2460,2482
1025,2516775,426,181137,2017-09-20 16:30:00,5,2463,2462
1026,2516779,426,181137,2017-09-19 18:30:00,5,2449,2444
1027,2516780,426,181137,2017-09-19 18:30:00,5,2481,2975
1028,2516783,426,181137,2017-09-19 18:30:00,5,2451,2443
1029,2516778,426,181137,2017-09-19 16:30:00,5,2454,2445
1030,2516767,426,181137,2017-09-17 16:00:00,4,2447,2463
1031,2516772,426,181137,2017-09-17 13:30:00,4,2446,2453
1032,2516769,426,181137,2017-09-17 11:30:00,4,2482,2457
1033,2516768,426,181137,2017-09-16 16:30:00,4,2975,2454
1034,2516766,426,181137,2017-09-16 13:30:00,4,2444,2460
1035,2516770,426,181137,2017-09-16 13:30:00,4,2443,2449
1036,2516771,426,181137,2017-09-16 13:30:00,4,2462,2481
1037,2516774,426,181137,2017-09-16 13:30:00,4,2445,2451
1038,2516773,426,181137,2017-09-15 18:30:00,4,2455,2450
1039,2516761,426,181137,2017-09-10 16:00:00,3,2449,2445
1040,2516758,426,181137,2017-09-10 13:30:00,3,2457,2443
1041,2516757,426,181137,2017-09-09 16:30:00,3,2482,2444
1042,2516759,426,181137,2017-09-09 13:30:00,3,2453,2447
1043,2516760,426,181137,2017-09-09 13:30:00,3,2454,2462
1044,2516762,426,181137,2017-09-09 13:30:00,3,2481,2463
1045,2516764,426,181137,2017-09-09 13:30:00,3,2460,2446
1046,2516765,426,181137,2017-09-09 13:30:00,3,2451,2455
1047,2516763,426,181137,2017-09-08 18:30:00,3,2450,2975
1048,2516755,426,181137,2017-08-27 16:00:00,2,2455,2449
1049,2516749,426,181137,2017-08-27 13:30:00,2,2975,2453
1050,2516748,426,181137,2017-08-26 16:30:00,2,2447,2457
1051,2516751,426,181137,2017-08-26 13:30:00,2,2443,2444
1052,2516752,426,181137,2017-08-26 13:30:00,2,2462,2451
1053,2516753,426,181137,2017-08-26 13:30:00,2,2446,2482
1054,2516754,426,181137,2017-08-26 13:30:00,2,2481,2454
1055,2516756,426,181137,2017-08-26 13:30:00,2,2445,2460
1056,2516750,426,181137,2017-08-25 18:30:00,2,2463,2450
1057,2516743,426,181137,2017-08-20 16:00:00,1,2454,2463
1058,2516742,426,181137,2017-08-20 13:30:00,1,2453,2462
1059,2516744,426,181137,2017-08-19 16:30:00,1,2449,2975
1060,2516740,426,181137,2017-08-19 13:30:00,1,2482,2443
1061,2516741,426,181137,2017-08-19 13:30:00,1,2457,2445
1062,2516745,426,181137,2017-08-19 13:30:00,1,2450,2481
1063,2516746,426,181137,2017-08-19 13:30:00,1,2460,2455
1064,2516747,426,181137,2017-08-19 13:30:00,1,2451,2447
1065,2516739,426,181137,2017-08-18 18:30:00,1,2444,2446
1066,2576335,524,181248,2018-05-20 18:45:00,38,3162,3161
1067,2576336,524,181248,2018-05-20 18:45:00,38,3315,3158
1068,2576329,524,181248,2018-05-20 16:00:00,38,3173,3172
1069,2576330,524,181248,2018-05-20 16:00:00,38,3165,3219
1070,2576331,524,181248,2018-05-20 16:00:00,38,3163,3166
1071,2576332,524,181248,2018-05-20 16:00:00,38,3187,3197
1072,2576333,524,181248,2018-05-20 16:00:00,38,3157,3176
1073,2576337,524,181248,2018-05-20 16:00:00,38,3204,3164
1074,2576338,524,181248,2018-05-20 13:00:00,38,3193,3185
1075,2576334,524,181248,2018-05-19 13:00:00,38,3159,3194
1076,2576322,524,181248,2018-05-13 18:45:00,37,3158,3159
1077,2576325,524,181248,2018-05-13 18:45:00,37,3164,3187
1078,2576324,524,181248,2018-05-13 16:00:00,37,3172,3157
1079,2576319,524,181248,2018-05-13 13:00:00,37,3176,3173
1080,2576320,524,181248,2018-05-13 13:00:00,37,3166,3165
1081,2576323,524,181248,2018-05-13 13:00:00,37,3197,3162
1082,2576327,524,181248,2018-05-13 13:00:00,37,3185,3204
1083,2576328,524,181248,2018-05-13 13:00:00,37,3194,3163
1084,2576326,524,181248,2018-05-12 18:45:00,37,3161,3315
1085,2576321,524,181248,2018-05-12 16:00:00,37,3219,3193
1086,2576316,524,181248,2018-05-06 18:45:00,36,3173,3158
1087,2576317,524,181248,2018-05-06 16:00:00,36,3315,3164
1088,2576309,524,181248,2018-05-06 13:00:00,36,3162,3172
1089,2576310,524,181248,2018-05-06 13:00:00,36,3204,3219
1090,2576312,524,181248,2018-05-06 13:00:00,36,3165,3197
1091,2576313,524,181248,2018-05-06 13:00:00,36,3193,3176
1092,2576318,524,181248,2018-05-06 13:00:00,36,3187,3185
1093,2576315,524,181248,2018-05-06 10:30:00,36,3163,3161
1094,2576311,524,181248,2018-05-05 18:45:00,36,3159,3166
1095,2576314,524,181248,2018-05-05 16:00:00,36,3157,3194
1096,2576303,524,181248,2018-04-29 18:45:00,35,3185,3162
1097,2576305,524,181248,2018-04-29 16:00:00,35,3176,3187
1098,2576299,524,181248,2018-04-29 13:00:00,35,3164,3173
1099,2576301,524,181248,2018-04-29 13:00:00,35,3172,3193
1100,2576304,524,181248,2018-04-29 13:00:00,35,3166,3157
1101,2576307,524,181248,2018-04-29 13:00:00,35,3194,3204
1102,2576308,524,181248,2018-04-29 13:00:00,35,3219,3163
1103,2576306,524,181248,2018-04-29 10:30:00,35,3197,3315
1104,2576302,524,181248,2018-04-28 18:45:00,35,3161,3159
1105,2576300,524,181248,2018-04-28 16:00:00,35,3158,3165
1106,2576293,524,181248,2018-04-23 18:45:00,34,3193,3194
1107,2576295,524,181248,2018-04-22 18:45:00,34,3159,3187
1108,2576291,524,181248,2018-04-22 13:00:00,34,3163,3197
1109,2576294,524,181248,2018-04-22 13:00:00,34,3165,3161
1110,2576297,524,181248,2018-04-22 13:00:00,34,3162,3164
1111,2576298,524,181248,2018-04-22 13:00:00,34,3172,3185
1112,2576290,524,181248,2018-04-22 10:30:00,34,3173,3166
1113,2576289,524,181248,2018-04-21 18:45:00,34,3157,3219
1114,2576292,524,181248,2018-04-21 16:00:00,34,3315,3176
1115,2576296,524,181248,2018-04-21 13:00:00,34,3204,3158
1116,2576280,524,181248,2018-04-18 18:45:00,33,3164,3166
1117,2576282,524,181248,2018-04-18 17:45:00,33,3204,3165
1118,2576283,524,181248,2018-04-18 18:45:00,33,3158,3193
1119,2576284,524,181248,2018-04-18 18:45:00,33,3197,3159
1120,2576285,524,181248,2018-04-18 18:45:00,33,3176,3162
1121,2576286,524,181248,2018-04-18 18:45:00,33,3185,3157
1122,2576287,524,181248,2018-04-18 17:45:00,33,3194,3315
1123,2576288,524,181248,2018-04-18 18:45:00,33,3187,3163
1124,2576279,524,181248,2018-04-18 16:00:00,33,3219,3172
1125,2576281,524,181248,2018-04-17 18:45:00,33,3161,3173
1126,2576274,524,181248,2018-04-15 18:45:00,32,3162,3158
1127,2576275,524,181248,2018-04-15 16:00:00,32,3159,3164
1128,2576269,524,181248,2018-04-15 13:00:00,32,3315,3219
1129,2576271,524,181248,2018-04-15 13:00:00,32,3166,3194
1130,2576273,524,181248,2018-04-15 13:00:00,32,3157,3187
1131,2576276,524,181248,2018-04-15 10:30:00,32,3176,3204
1132,2576272,524,181248,2018-04-14 18:45:00,32,3172,3161
1133,2576270,524,181248,2018-04-14 16:00:00,32,3193,3197
1134,2576277,524,181248,2018-04-14 16:00:00,32,3165,3185
1135,2576278,524,181248,2018-04-14 13:00:00,32,3173,3163
1136,2576268,524,181248,2018-04-08 18:45:00,31,3157,3315
1137,2576267,524,181248,2018-04-08 16:00:00,31,3163,3162
1138,2576260,524,181248,2018-04-08 13:00:00,31,3197,3166
1139,2576261,524,181248,2018-04-08 13:00:00,31,3194,3173
1140,2576262,524,181248,2018-04-08 13:00:00,31,3187,3165
1141,2576265,524,181248,2018-04-08 10:30:00,31,3185,3161
1142,2576264,524,181248,2018-04-07 18:45:00,31,3164,3193
1143,2576259,524,181248,2018-04-07 16:00:00,31,3204,3172
1144,2576263,524,181248,2018-04-07 16:00:00,31,3158,3176
1145,2576266,524,181248,2018-04-07 13:00:00,31,3219,3159
1146,2576221,524,181248,2018-04-04 16:30:00,27,3185,3197
1147,2576224,524,181248,2018-04-04 16:30:00,27,3157,3161
1148,2576228,524,181248,2018-04-04 16:30:00,27,3165,3315
1149,2576223,524,181248,2018-04-04 15:00:00,27,3219,3194
1150,2576220,524,181248,2018-04-03 16:30:00,27,3193,3173
1151,2576222,524,181248,2018-04-03 16:30:00,27,3163,3176
1152,2576227,524,181248,2018-04-03 16:30:00,27,3172,3164
1153,2576252,524,181248,2018-03-31 18:45:00,30,3159,3157
1154,2576253,524,181248,2018-03-31 16:00:00,30,3315,3187
1155,2576255,524,181248,2018-03-31 16:00:00,30,3165,3164
1156,2576249,524,181248,2018-03-31 13:00:00,30,3162,3219
1157,2576250,524,181248,2018-03-31 13:00:00,30,3176,3197
1158,2576251,524,181248,2018-03-31 13:00:00,30,3161,3194
1159,2576256,524,181248,2018-03-31 13:00:00,30,3193,3204
1160,2576257,524,181248,2018-03-31 13:00:00,30,3173,3185
1161,2576258,524,181248,2018-03-31 13:00:00,30,3172,3163
1162,2576254,524,181248,2018-03-31 10:30:00,30,3166,3158
1163,2576240,524,181248,2018-03-18 19:45:00,29,3162,3166
1164,2576244,524,181248,2018-03-18 19:45:00,29,3187,3193
1165,2576239,524,181248,2018-03-18 14:00:00,29,3194,3172
1166,2576241,524,181248,2018-03-18 14:00:00,29,3219,3173
1167,2576242,524,181248,2018-03-18 14:00:00,29,3157,3165
1168,2576243,524,181248,2018-03-18 14:00:00,29,3185,3176
1169,2576247,524,181248,2018-03-18 14:00:00,29,3197,3158
1170,2576245,524,181248,2018-03-18 11:30:00,29,3164,3161
1171,2576246,524,181248,2018-03-17 19:45:00,29,3204,3159
1172,2576248,524,181248,2018-03-17 17:00:00,29,3163,3315
1173,2576209,524,181248,2018-03-14 17:00:00,26,3159,3172
1174,2576234,524,181248,2018-03-11 19:45:00,28,3161,3187
1175,2576233,524,181248,2018-03-11 17:00:00,28,3193,3157
1176,2576229,524,181248,2018-03-11 14:00:00,28,3166,3172
1177,2576232,524,181248,2018-03-11 14:00:00,28,3173,3162
1178,2576235,524,181248,2018-03-11 14:00:00,28,3197,3164
1179,2576236,524,181248,2018-03-11 14:00:00,28,3315,3204
1180,2576238,524,181248,2018-03-11 14:00:00,28,3159,3163
1181,2576230,524,181248,2018-03-11 11:30:00,28,3176,3219
1182,2576231,524,181248,2018-03-10 19:45:00,28,3194,3165
1183,2576237,524,181248,2018-03-09 19:45:00,28,3158,3185
1184,2576226,524,181248,2018-03-03 19:45:00,27,3187,3158
1185,2576225,524,181248,2018-03-03 17:00:00,27,3162,3159
1186,2576219,524,181248,2018-03-03 14:00:00,27,3204,3166
1187,2576215,524,181248,2018-02-26 19:45:00,26,3173,3187
1188,2576214,524,181248,2018-02-25 19:45:00,26,3158,3157
1189,2576211,524,181248,2018-02-25 14:00:00,26,3176,3165
1190,2576213,524,181248,2018-02-25 14:00:00,26,3315,3162
1191,2576217,524,181248,2018-02-25 14:00:00,26,3194,3185
1192,2576218,524,181248,2018-02-25 14:00:00,26,3164,3163
1193,2576216,524,181248,2018-02-25 11:30:00,26,3197,3204
1194,2576210,524,181248,2018-02-24 19:45:00,26,3161,3219
1195,2576212,524,181248,2018-02-24 17:00:00,26,3166,3193
1196,2576202,524,181248,2018-02-19 19:45:00,25,3162,3194
1197,2576206,524,181248,2018-02-18 19:45:00,25,3157,3164
1198,2576201,524,181248,2018-02-18 17:00:00,25,3172,3176
1199,2576200,524,181248,2018-02-18 14:00:00,25,3219,3197
1200,2576207,524,181248,2018-02-18 14:00:00,25,3166,3315
1201,2576208,524,181248,2018-02-18 14:00:00,25,3187,3204
1202,2576204,524,181248,2018-02-18 11:30:00,25,3185,3159
1203,2576203,524,181248,2018-02-17 19:45:00,25,3193,3161
1204,2576199,524,181248,2018-02-17 17:00:00,25,3165,3173
1205,2576205,524,181248,2018-02-17 14:00:00,25,3163,3158
1206,2576190,524,181248,2018-02-11 19:45:00,24,3158,3219
1207,2576191,524,181248,2018-02-11 14:00:00,24,3161,3166
1208,2576193,524,181248,2018-02-11 14:00:00,24,3165,3193
1209,2576194,524,181248,2018-02-11 14:00:00,24,3164,3194
1210,2576198,524,181248,2018-02-11 14:00:00,24,3185,3163
1211,2576192,524,181248,2018-02-11 11:30:00,24,3315,3173
1212,2576196,524,181248,2018-02-10 19:45:00,24,3187,3162
1213,2576189,524,181248,2018-02-10 17:00:00,24,3197,3172
1214,2576197,524,181248,2018-02-10 14:00:00,24,3204,3157
1215,2576195,524,181248,2018-02-09 19:45:00,24,3176,3159
1216,2576182,524,181248,2018-02-05 19:45:00,23,3162,3193
1217,2576184,524,181248,2018-02-04 19:45:00,23,3219,3187
1218,2576179,524,181248,2018-02-04 14:00:00,23,3172,3165
1219,2576181,524,181248,2018-02-04 14:00:00,23,3166,3176
1220,2576183,524,181248,2018-02-04 14:00:00,23,3163,3157
1221,2576186,524,181248,2018-02-04 14:00:00,23,3159,3315
1222,2576187,524,181248,2018-02-04 14:00:00,23,3173,3204
1223,2576185,524,181248,2018-02-04 11:30:00,23,3194,3158
1224,2576180,524,181248,2018-02-03 19:45:00,23,3161,3197
1225,2576188,524,181248,2018-02-03 17:00:00,23,3164,3185
1226,2576177,524,181248,2018-01-28 19:45:00,22,3158,3164
1227,2576176,524,181248,2018-01-28 17:00:00,22,3157,3162
1228,2576170,524,181248,2018-01-28 14:00:00,22,3185,3219
1229,2576171,524,181248,2018-01-28 14:00:00,22,3187,3166
1230,2576172,524,181248,2018-01-28 14:00:00,22,3197,3173
1231,2576173,524,181248,2018-01-28 14:00:00,22,3176,3194
1232,2576178,524,181248,2018-01-28 14:00:00,22,3193,3163
1233,2576174,524,181248,2018-01-28 11:30:00,22,3204,3161
1234,2576175,524,181248,2018-01-27 19:45:00,22,3165,3159
1235,2576169,524,181248,2018-01-27 17:00:00,22,3315,3172
1236,2575987,524,181248,2018-01-24 19:45:00,3,3164,3158
1237,2576077,524,181248,2018-01-24 17:30:00,12,3162,3163
1238,2576163,524,181248,2018-01-22 19:45:00,21,3159,3193
1239,2576166,524,181248,2018-01-21 19:45:00,21,3161,3158
1240,2576164,524,181248,2018-01-21 17:00:00,21,3173,3157
1241,2576159,524,181248,2018-01-21 14:00:00,21,3166,3219
1242,2576160,524,181248,2018-01-21 14:00:00,21,3162,3165
1243,2576161,524,181248,2018-01-21 14:00:00,21,3194,3197
1244,2576162,524,181248,2018-01-21 14:00:00,21,3164,3176
1245,2576167,524,181248,2018-01-21 14:00:00,21,3163,3204
1246,2576168,524,181248,2018-01-21 14:00:00,21,3315,3185
1247,2576165,524,181248,2018-01-21 11:30:00,21,3172,3187
1248,2576154,524,181248,2018-01-06 19:45:00,20,3173,3159
1249,2576149,524,181248,2018-01-06 17:00:00,20,3158,3172
1250,2576151,524,181248,2018-01-06 14:00:00,20,3157,3197
1251,2576152,524,181248,2018-01-06 14:00:00,20,3187,3194
1252,2576155,524,181248,2018-01-06 14:00:00,20,3204,3162
1253,2576156,524,181248,2018-01-06 14:00:00,20,3219,3164
1254,2576157,524,181248,2018-01-06 14:00:00,20,3193,3315
1255,2576150,524,181248,2018-01-06 11:30:00,20,3185,3166
1256,2576153,524,181248,2018-01-05 19:45:00,20,3176,3161
1257,2576158,524,181248,2018-01-05 17:00:00,20,3165,3163
1258,2576144,524,181248,2017-12-30 19:45:00,19,3194,3159
1259,2576145,524,181248,2017-12-30 17:00:00,19,3161,3162
1260,2576139,524,181248,2017-12-30 14:00:00,19,3172,3173
1261,2576140,524,181248,2017-12-30 14:00:00,19,3219,3165
1262,2576141,524,181248,2017-12-30 14:00:00,19,3166,3163
1263,2576146,524,181248,2017-12-30 14:00:00,19,3158,3315
1264,2576147,524,181248,2017-12-30 14:00:00,19,3164,3204
1265,2576148,524,181248,2017-12-30 14:00:00,19,3185,3193
1266,2576143,524,181248,2017-12-30 11:30:00,19,3176,3157
1267,2576142,524,181248,2017-12-29 19:45:00,19,3197,3187
1268,2576132,524,181248,2017-12-23 19:45:00,18,3159,3158
1269,2576134,524,181248,2017-12-23 17:00:00,18,3157,3172
1270,2576131,524,181248,2017-12-23 14:00:00,18,3193,3219
1271,2576135,524,181248,2017-12-23 14:00:00,18,3187,3164
1272,2576136,524,181248,2017-12-23 14:00:00,18,3315,3161
1273,2576137,524,181248,2017-12-23 14:00:00,18,3204,3185
1274,2576138,524,181248,2017-12-23 14:00:00,18,3163,3194
1275,2576133,524,181248,2017-12-23 11:30:00,18,3162,3197
1276,2576129,524,181248,2017-12-22 19:45:00,18,3173,3176
1277,2576130,524,181248,2017-12-22 17:00:00,18,3165,3166
1278,2576119,524,181248,2017-12-17 19:45:00,17,3172,3162
1279,2576120,524,181248,2017-12-17 17:00:00,17,3219,3204
1280,2576121,524,181248,2017-12-17 14:00:00,17,3166,3159
1281,2576122,524,181248,2017-12-17 14:00:00,17,3197,3165
1282,2576123,524,181248,2017-12-17 14:00:00,17,3176,3193
1283,2576127,524,181248,2017-12-17 14:00:00,17,3164,3315
1284,2576124,524,181248,2017-12-17 11:30:00,17,3194,3157
1285,2576126,524,181248,2017-12-16 19:45:00,17,3158,3173
1286,2576128,524,181248,2017-12-16 17:00:00,17,3185,3187
1287,2576125,524,181248,2017-12-16 14:00:00,17,3161,3163
1288,2576111,524,181248,2017-12-12 18:00:00,16,3193,3172
1289,2576113,524,181248,2017-12-11 20:00:00,16,3162,3185
1290,2576114,524,181248,2017-12-10 19:45:00,16,3157,3166
1291,2576116,524,181248,2017-12-10 17:00:00,16,3315,3197
1292,2576115,524,181248,2017-12-10 14:00:00,16,3187,3176
1293,2576117,524,181248,2017-12-10 14:00:00,16,3204,3194
1294,2576118,524,181248,2017-12-10 14:00:00,16,3163,3219
1295,2576110,524,181248,2017-12-10 11:30:00,16,3165,3158
1296,2576112,524,181248,2017-12-09 19:45:00,16,3159,3161
1297,2576109,524,181248,2017-12-09 17:00:00,16,3173,3164
1298,2576103,524,181248,2017-12-04 20:00:00,15,3194,3193
1299,2576101,524,181248,2017-12-04 18:00:00,15,3197,3163
1300,2576107,524,181248,2017-12-03 19:45:00,15,3164,3162
1301,2576100,524,181248,2017-12-03 14:00:00,15,3166,3173
1302,2576102,524,181248,2017-12-03 14:00:00,15,3176,3315
1303,2576104,524,181248,2017-12-03 14:00:00,15,3161,3165
1304,2576099,524,181248,2017-12-03 11:30:00,15,3219,3157
1305,2576108,524,181248,2017-12-02 19:45:00,15,3185,3172
1306,2576105,524,181248,2017-12-01 19:45:00,15,3187,3159
1307,2576106,524,181248,2017-12-01 17:30:00,15,3158,3204
1308,2576089,524,181248,2017-11-27 19:45:00,14,3172,3219
1309,2576094,524,181248,2017-11-26 19:45:00,14,3159,3197
1310,2576095,524,181248,2017-11-26 17:00:00,14,3162,3176
1311,2576093,524,181248,2017-11-26 14:00:00,14,3193,3158
1312,2576096,524,181248,2017-11-26 14:00:00,14,3157,3185
1313,2576098,524,181248,2017-11-26 14:00:00,14,3163,3187
1314,2576091,524,181248,2017-11-25 19:45:00,14,3173,3161
1315,2576092,524,181248,2017-11-25 17:00:00,14,3165,3204
1316,2576097,524,181248,2017-11-25 17:00:00,14,3315,3194
1317,2576090,524,181248,2017-11-25 14:00:00,14,3166,3164
1318,2576081,524,181248,2017-11-20 19:45:00,13,3194,3166
1319,2576082,524,181248,2017-11-19 19:45:00,13,3161,3172
1320,2576079,524,181248,2017-11-19 14:00:00,13,3219,3315
1321,2576085,524,181248,2017-11-19 14:00:00,13,3164,3159
1322,2576086,524,181248,2017-11-19 14:00:00,13,3204,3176
1323,2576087,524,181248,2017-11-19 14:00:00,13,3185,3165
1324,2576088,524,181248,2017-11-19 14:00:00,13,3163,3173
1325,2576080,524,181248,2017-11-19 11:30:00,13,3197,3193
1326,2576083,524,181248,2017-11-18 19:45:00,13,3187,3157
1327,2576084,524,181248,2017-11-18 17:00:00,13,3158,3162
1328,2576078,524,181248,2017-11-05 19:45:00,12,3315,3157
1329,2576069,524,181248,2017-11-05 17:00:00,12,3172,3204
1330,2576071,524,181248,2017-11-05 14:00:00,12,3173,3194
1331,2576072,524,181248,2017-11-05 14:00:00,12,3165,3187
1332,2576073,524,181248,2017-11-05 14:00:00,12,3176,3158
1333,2576076,524,181248,2017-11-05 14:00:00,12,3159,3219
1334,2576075,524,181248,2017-11-05 11:30:00,12,3161,3185
1335,2576074,524,181248,2017-11-04 19:45:00,12,3193,3164
1336,2576070,524,181248,2017-11-04 17:00:00,12,3166,3197
1337,2576061,524,181248,2017-10-30 19:45:00,11,3194,3161
1338,2576067,524,181248,2017-10-29 19:45:00,11,3185,3173
1339,2576060,524,181248,2017-10-29 14:00:00,11,3197,3176
1340,2576063,524,181248,2017-10-29 14:00:00,11,3187,3315
1341,2576065,524,181248,2017-10-29 14:00:00,11,3164,3165
1342,2576066,524,181248,2017-10-29 14:00:00,11,3204,3193
1343,2576068,524,181248,2017-10-29 14:00:00,11,3163,3172
1344,2576059,524,181248,2017-10-29 11:30:00,11,3219,3162
1345,2576064,524,181248,2017-10-28 18:45:00,11,3158,3166
1346,2576062,524,181248,2017-10-28 16:00:00,11,3157,3159
1347,2576050,524,181248,2017-10-25 18:45:00,10,3166,3162
1348,2576051,524,181248,2017-10-25 18:45:00,10,3173,3219
1349,2576052,524,181248,2017-10-25 18:45:00,10,3165,3157
1350,2576053,524,181248,2017-10-25 18:45:00,10,3176,3185
1351,2576054,524,181248,2017-10-25 18:45:00,10,3193,3187
1352,2576056,524,181248,2017-10-25 18:45:00,10,3159,3204
1353,2576057,524,181248,2017-10-25 18:45:00,10,3158,3197
1354,2576058,524,181248,2017-10-25 18:45:00,10,3315,3163
1355,2576049,524,181248,2017-10-25 16:30:00,10,3172,3194
1356,2576055,524,181248,2017-10-24 18:45:00,10,3161,3164
1357,2576042,524,181248,2017-10-22 18:45:00,9,3162,3173
1358,2576048,524,181248,2017-10-22 16:00:00,9,3163,3159
1359,2576039,524,181248,2017-10-22 13:00:00,9,3172,3166
1360,2576040,524,181248,2017-10-22 13:00:00,9,3219,3176
1361,2576043,524,181248,2017-10-22 13:00:00,9,3157,3193
1362,2576046,524,181248,2017-10-22 13:00:00,9,3204,3315
1363,2576047,524,181248,2017-10-22 13:00:00,9,3185,3158
1364,2576041,524,181248,2017-10-22 10:30:00,9,3165,3194
1365,2576044,524,181248,2017-10-21 18:45:00,9,3187,3161
1366,2576045,524,181248,2017-10-21 16:00:00,9,3164,3197
1367,2576033,524,181248,2017-10-16 18:45:00,8,3194,3219
1368,2576034,524,181248,2017-10-15 18:45:00,8,3161,3157
1369,2576029,524,181248,2017-10-15 13:00:00,8,3166,3204
1370,2576030,524,181248,2017-10-15 13:00:00,8,3173,3193
1371,2576031,524,181248,2017-10-15 13:00:00,8,3197,3185
1372,2576037,524,181248,2017-10-15 13:00:00,8,3164,3172
1373,2576038,524,181248,2017-10-15 13:00:00,8,3315,3165
1374,2576032,524,181248,2017-10-15 10:30:00,8,3176,3163
1375,2576036,524,181248,2017-10-14 18:45:00,8,3158,3187
1376,2576035,524,181248,2017-10-14 16:00:00,8,3159,3162
1377,2576019,524,181248,2017-10-01 18:45:00,7,3172,3159
1378,2576024,524,181248,2017-10-01 16:00:00,7,3157,3158
1379,2576020,524,181248,2017-10-01 13:00:00,7,3219,3161
1380,2576021,524,181248,2017-10-01 13:00:00,7,3165,3176
1381,2576023,524,181248,2017-10-01 13:00:00,7,3162,3315
1382,2576026,524,181248,2017-10-01 13:00:00,7,3204,3197
1383,2576027,524,181248,2017-10-01 13:00:00,7,3185,3194
1384,2576025,524,181248,2017-10-01 10:30:00,7,3187,3173
1385,2576022,524,181248,2017-09-30 18:45:00,7,3193,3166
1386,2576028,524,181248,2017-09-30 16:00:00,7,3163,3164
1387,2576011,524,181248,2017-09-24 18:45:00,6,3176,3172
1388,2576017,524,181248,2017-09-24 16:00:00,6,3315,3166
1389,2576009,524,181248,2017-09-24 13:00:00,6,3173,3165
1390,2576010,524,181248,2017-09-24 13:00:00,6,3197,3219
1391,2576012,524,181248,2017-09-24 13:00:00,6,3194,3162
1392,2576013,524,181248,2017-09-24 13:00:00,6,3161,3193
1393,2576016,524,181248,2017-09-24 10:30:00,6,3164,3157
1394,2576014,524,181248,2017-09-23 18:45:00,6,3159,3185
1395,2576018,524,181248,2017-09-23 16:00:00,6,3204,3187
1396,2576015,524,181248,2017-09-23 13:00:00,6,3158,3163
1397,2575999,524,181248,2017-09-20 18:45:00,5,3172,3197
1398,2576002,524,181248,2017-09-20 18:45:00,5,3173,3315
1399,2576003,524,181248,2017-09-20 18:45:00,5,3193,3165
1400,2576004,524,181248,2017-09-20 18:45:00,5,3194,3164
1401,2576005,524,181248,2017-09-20 18:45:00,5,3159,3176
1402,2576006,524,181248,2017-09-20 18:45:00,5,3162,3187
1403,2576007,524,181248,2017-09-20 18:45:00,5,3157,3204
1404,2576008,524,181248,2017-09-20 18:45:00,5,3163,3185
1405,2576000,524,181248,2017-09-20 16:00:00,5,3219,3158
1406,2576001,524,181248,2017-09-19 18:45:00,5,3166,3161
1407,2575992,524,181248,2017-09-17 18:45:00,4,3193,3162
1408,2575989,524,181248,2017-09-17 16:00:00,4,3165,3172
1409,2575993,524,181248,2017-09-17 13:00:00,4,3157,3163
1410,2575994,524,181248,2017-09-17 13:00:00,4,3187,3219
1411,2575997,524,181248,2017-09-17 13:00:00,4,3204,3173
1412,2575998,524,181248,2017-09-17 13:00:00,4,3185,3164
1413,2575996,524,181248,2017-09-17 10:30:00,4,3315,3159
1414,2575995,524,181248,2017-09-16 18:45:00,4,3158,3194
1415,2575991,524,181248,2017-09-16 16:00:00,4,3176,3166
1416,2575990,524,181248,2017-09-16 13:00:00,4,3197,3161
1417,2575981,524,181248,2017-09-10 18:45:00,3,3166,3187
1418,2575980,524,181248,2017-09-10 16:00:00,3,3219,3185
1419,2575986,524,181248,2017-09-10 14:00:00,3,3162,3157
1420,2575979,524,181248,2017-09-10 13:00:00,3,3172,3315
1421,2575982,524,181248,2017-09-10 13:00:00,3,3173,3197
1422,2575983,524,181248,2017-09-10 13:00:00,3,3194,3176
1423,2575988,524,181248,2017-09-10 13:00:00,3,3163,3193
1424,2575984,524,181248,2017-09-10 10:30:00,3,3161,3204
1425,2575985,524,181248,2017-09-09 16:00:00,3,3159,3165
1426,2575970,524,181248,2017-08-27 18:45:00,2,3165,3162
1427,2575971,524,181248,2017-08-27 18:45:00,2,3197,3194
1428,2575972,524,181248,2017-08-27 18:45:00,2,3176,3164
1429,2575974,524,181248,2017-08-27 18:45:00,2,3157,3173
1430,2575975,524,181248,2017-08-27 18:45:00,2,3187,3172
1431,2575977,524,181248,2017-08-27 18:45:00,2,3204,3163
1432,2575978,524,181248,2017-08-27 16:00:00,2,3185,3315
1433,2575976,524,181248,2017-08-26 18:45:00,2,3158,3161
1434,2575969,524,181248,2017-08-26 16:00:00,2,3219,3166
1435,2575973,524,181248,2017-08-26 16:00:00,2,3193,3159
1436,2575960,524,181248,2017-08-20 18:45:00,1,3166,3185
1437,2575961,524,181248,2017-08-20 18:45:00,1,3197,3157
1438,2575963,524,181248,2017-08-20 18:45:00,1,3161,3176
1439,2575965,524,181248,2017-08-20 18:45:00,1,3162,3204
1440,2575966,524,181248,2017-08-20 18:45:00,1,3164,3219
1441,2575967,524,181248,2017-08-20 18:45:00,1,3315,3193
1442,2575968,524,181248,2017-08-20 18:45:00,1,3163,3165
1443,2575959,524,181248,2017-08-20 16:00:00,1,3172,3158
1444,2575962,524,181248,2017-08-19 18:45:00,1,3194,3187
1445,2575964,524,181248,2017-08-19 16:00:00,1,3159,3173
1446,2565922,795,181144,2018-05-20 18:45:00,38,676,687
1447,2565925,795,181144,2018-05-20 16:30:00,38,679,701
1448,2565919,795,181144,2018-05-20 14:15:00,38,678,691
1449,2565924,795,181144,2018-05-20 10:00:00,38,674,677
1450,2565927,795,181144,2018-05-19 18:45:00,38,682,675
1451,2565920,795,181144,2018-05-19 16:30:00,38,680,696
1452,2565921,795,181144,2018-05-19 16:30:00,38,683,698
1453,2565923,795,181144,2018-05-19 16:30:00,38,714,756
1454,2565926,795,181144,2018-05-19 14:15:00,38,712,684
1455,2565918,795,181144,2018-05-19 11:00:00,38,692,695
1456,2565917,795,181144,2018-05-13 18:45:00,37,695,676
1457,2565910,795,181144,2018-05-13 14:15:00,37,691,683
1458,2565912,795,181144,2018-05-12 18:45:00,37,675,692
1459,2565908,795,181144,2018-05-12 15:30:00,37,756,674
1460,2565909,795,181144,2018-05-12 15:30:00,37,696,678
1461,2565911,795,181144,2018-05-12 16:30:00,37,677,682
1462,2565913,795,181144,2018-05-12 15:30:00,37,698,679
1463,2565914,795,181144,2018-05-12 15:30:00,37,684,680
1464,2565915,795,181144,2018-05-12 15:30:00,37,701,714
1465,2565916,795,181144,2018-05-12 13:15:00,37,687,712
1466,2565882,795,181144,2018-05-09 19:30:00,34,680,675
1467,2565884,795,181144,2018-05-09 18:00:00,34,676,682
1468,2565900,795,181144,2018-05-07 19:00:00,36,712,695
1469,2565907,795,181144,2018-05-06 18:45:00,36,676,675
1470,2565898,795,181144,2018-05-06 16:30:00,36,714,698
1471,2565899,795,181144,2018-05-06 14:15:00,36,679,691
1472,2565906,795,181144,2018-05-06 10:00:00,36,683,696
1473,2565901,795,181144,2018-05-05 18:45:00,36,682,674
1474,2565902,795,181144,2018-05-05 16:30:00,36,692,677
1475,2565903,795,181144,2018-05-05 14:15:00,36,678,684
1476,2565904,795,181144,2018-05-05 11:00:00,36,756,701
1477,2565905,795,181144,2018-05-04 19:00:00,36,680,687
1478,2565893,795,181144,2018-04-30 19:00:00,35,684,683
1479,2565889,795,181144,2018-04-29 18:45:00,35,677,676
1480,2565890,795,181144,2018-04-29 16:30:00,35,674,701
1481,2565896,795,181144,2018-04-29 14:15:00,35,696,679
1482,2565892,795,181144,2018-04-29 10:00:00,35,698,756
1483,2565888,795,181144,2018-04-28 18:45:00,35,682,692
1484,2565891,795,181144,2018-04-28 16:30:00,35,675,712
1485,2565894,795,181144,2018-04-28 14:15:00,35,687,678
1486,2565897,795,181144,2018-04-28 11:00:00,35,691,714
1487,2565895,795,181144,2018-04-27 19:00:00,35,695,680
1488,2565879,795,181144,2018-04-23 19:00:00,34,678,695
1489,2565886,795,181144,2018-04-22 18:45:00,34,679,684
1490,2565885,795,181144,2018-04-22 16:30:00,34,714,696
1491,2565883,795,181144,2018-04-22 14:15:00,34,683,687
1492,2565880,795,181144,2018-04-22 10:00:00,34,756,691
1493,2565878,795,181144,2018-04-21 14:15:00,34,692,674
1494,2565881,795,181144,2018-04-21 11:00:00,34,701,698
1495,2565887,795,181144,2018-04-20 19:00:00,34,712,677
1496,2565869,795,181144,2018-04-19 19:30:00,33,695,683
1497,2565877,795,181144,2018-04-19 19:30:00,33,684,714
1498,2565868,795,181144,2018-04-19 17:30:00,33,687,679
1499,2565870,795,181144,2018-04-19 17:30:00,33,696,756
1500,2565876,795,181144,2018-04-18 18:30:00,33,675,678
1501,2565871,795,181144,2018-04-18 16:30:00,33,691,701
1502,2565875,795,181144,2018-04-18 16:30:00,33,674,698
1503,2565872,795,181144,2018-04-17 19:30:00,33,682,712
1504,2565874,795,181144,2018-04-17 19:00:00,33,692,676
1505,2565873,795,181144,2018-04-17 17:30:00,33,677,680
1506,2565867,795,181144,2018-04-15 18:45:00,32,683,675
1507,2565862,795,181144,2018-04-15 16:30:00,32,698,691
1508,2565860,795,181144,2018-04-15 14:15:00,32,679,695
1509,2565865,795,181144,2018-04-15 10:00:00,32,701,696
1510,2565863,795,181144,2018-04-14 18:45:00,32,678,677
1511,2565859,795,181144,2018-04-14 16:30:00,32,714,687
1512,2565861,795,181144,2018-04-14 16:30:00,32,712,692
1513,2565858,795,181144,2018-04-14 14:15:00,32,676,674
1514,2565866,795,181144,2018-04-14 11:00:00,32,680,682
1515,2565864,795,181144,2018-04-13 19:00:00,32,756,684
1516,2565848,795,181144,2018-04-09 19:00:00,31,682,678
1517,2565851,795,181144,2018-04-08 18:45:00,31,674,691
1518,2565854,795,181144,2018-04-08 16:30:00,31,687,756
1519,2565852,795,181144,2018-04-08 14:15:00,31,675,679
1520,2565855,795,181144,2018-04-08 10:00:00,31,695,714
1521,2565856,795,181144,2018-04-07 18:45:00,31,676,712
1522,2565853,795,181144,2018-04-07 16:30:00,31,684,701
1523,2565850,795,181144,2018-04-07 14:15:00,31,692,680
1524,2565857,795,181144,2018-04-07 11:00:00,31,696,698
1525,2565849,795,181144,2018-04-06 19:00:00,31,677,683
1526,2565841,795,181144,2018-04-02 19:00:00,30,698,684
1527,2565839,795,181144,2018-04-01 18:45:00,30,679,677
1528,2565844,795,181144,2018-04-01 16:30:00,30,701,687
1529,2565846,795,181144,2018-04-01 16:30:00,30,683,682
1530,2565840,795,181144,2018-04-01 14:15:00,30,712,674
1531,2565838,795,181144,2018-04-01 10:00:00,30,691,696
1532,2565845,795,181144,2018-03-31 18:45:00,30,680,676
1533,2565847,795,181144,2018-03-31 16:30:00,30,714,675
1534,2565842,795,181144,2018-03-31 14:15:00,30,678,692
1535,2565843,795,181144,2018-03-31 11:00:00,30,756,695
1536,2565836,795,181144,2018-03-18 19:45:00,29,675,756
1537,2565832,795,181144,2018-03-18 17:30:00,29,682,679
1538,2565834,795,181144,2018-03-18 17:30:00,29,692,683
1539,2565830,795,181144,2018-03-18 15:15:00,29,676,678
1540,2565831,795,181144,2018-03-18 11:00:00,29,712,680
1541,2565837,795,181144,2018-03-17 19:45:00,29,684,691
1542,2565828,795,181144,2018-03-17 17:30:00,29,687,698
1543,2565835,795,181144,2018-03-17 15:15:00,29,674,696
1544,2565833,795,181144,2018-03-17 12:00:00,29,677,714
1545,2565829,795,181144,2018-03-16 20:00:00,29,695,701
1546,2565822,795,181144,2018-03-12 20:00:00,28,696,684
1547,2565826,795,181144,2018-03-11 19:45:00,28,678,712
1548,2565821,795,181144,2018-03-11 17:30:00,28,714,682
1549,2565824,795,181144,2018-03-11 15:15:00,28,679,692
1550,2565823,795,181144,2018-03-11 11:00:00,28,691,687
1551,2565820,795,181144,2018-03-10 19:45:00,28,683,676
1552,2565825,795,181144,2018-03-10 17:30:00,28,698,695
1553,2565819,795,181144,2018-03-10 15:15:00,28,680,674
1554,2565818,795,181144,2018-03-10 12:00:00,28,701,675
1555,2565827,795,181144,2018-03-09 20:00:00,28,756,677
1556,2565813,795,181144,2018-03-05 20:00:00,27,692,714
1557,2565811,795,181144,2018-03-04 19:45:00,27,674,684
1558,2565815,795,181144,2018-03-04 17:30:00,27,687,696
1559,2565817,795,181144,2018-03-04 15:15:00,27,676,679
1560,2565816,795,181144,2018-03-04 11:00:00,27,695,691
1561,2565812,795,181144,2018-03-03 19:45:00,27,675,698
1562,2565808,795,181144,2018-03-03 17:30:00,27,712,683
1563,2565810,795,181144,2018-03-03 17:30:00,27,677,701
1564,2565814,795,181144,2018-03-03 15:15:00,27,680,678
1565,2565809,795,181144,2018-03-03 12:00:00,27,682,756
1566,2565798,795,181144,2018-03-01 20:30:00,26,696,695
1567,2565807,795,181144,2018-03-01 20:00:00,26,714,676
1568,2565804,795,181144,2018-03-01 18:30:00,26,684,687
1569,2565800,795,181144,2018-02-28 20:30:00,26,679,712
1570,2565805,795,181144,2018-02-28 20:30:00,26,701,682
1571,2565801,795,181144,2018-02-28 18:30:00,26,698,677
1572,2565802,795,181144,2018-02-28 18:30:00,26,678,674
1573,2565806,795,181144,2018-02-28 18:30:00,26,683,680
1574,2565803,795,181144,2018-02-27 20:30:00,26,756,692
1575,2565799,795,181144,2018-02-27 19:00:00,26,691,675
1576,2565790,795,181144,2018-02-26 20:00:00,25,695,684
1577,2565789,795,181144,2018-02-25 19:45:00,25,680,679
1578,2565795,795,181144,2018-02-25 17:30:00,25,674,687
1579,2565788,795,181144,2018-02-25 15:15:00,25,678,683
1580,2565793,795,181144,2018-02-25 11:00:00,25,682,698
1581,2565791,795,181144,2018-02-24 19:45:00,25,676,756
1582,2565792,795,181144,2018-02-24 17:30:00,25,712,714
1583,2565796,795,181144,2018-02-24 15:15:00,25,675,696
1584,2565797,795,181144,2018-02-24 12:00:00,25,692,701
1585,2565794,795,181144,2018-02-23 20:00:00,25,677,691
1586,2565707,795,181144,2018-02-21 17:45:00,16,712,675
1587,2565778,795,181144,2018-02-19 20:00:00,24,698,692
1588,2565780,795,181144,2018-02-18 19:45:00,24,684,675
1589,2565786,795,181144,2018-02-18 17:30:00,24,691,682
1590,2565787,795,181144,2018-02-18 15:15:00,24,679,678
1591,2565783,795,181144,2018-02-18 11:00:00,24,687,695
1592,2565782,795,181144,2018-02-17 19:45:00,24,683,674
1593,2565785,795,181144,2018-02-17 17:30:00,24,696,677
1594,2565781,795,181144,2018-02-17 15:15:00,24,701,676
1595,2565784,795,181144,2018-02-17 12:00:00,24,714,680
1596,2565779,795,181144,2018-02-16 20:00:00,24,756,712
1597,2565770,795,181144,2018-02-12 20:00:00,23,677,684
1598,2565771,795,181144,2018-02-11 19:45:00,23,674,695
1599,2565773,795,181144,2018-02-11 17:30:00,23,692,691
1600,2565777,795,181144,2018-02-11 15:15:00,23,676,698
1601,2565775,795,181144,2018-02-11 11:00:00,23,680,756
1602,2565772,795,181144,2018-02-10 19:45:00,23,675,687
1603,2565768,795,181144,2018-02-10 17:30:00,23,712,701
1604,2565776,795,181144,2018-02-10 15:15:00,23,683,679
1605,2565769,795,181144,2018-02-10 12:00:00,23,682,696
1606,2565774,795,181144,2018-02-09 20:00:00,23,678,714
1607,2565767,795,181144,2018-02-05 20:00:00,22,714,683
1608,2565760,795,181144,2018-02-04 19:45:00,22,679,674
1609,2565762,795,181144,2018-02-04 17:30:00,22,756,678
1610,2565759,795,181144,2018-02-04 15:15:00,22,691,676
1611,2565761,795,181144,2018-02-04 11:00:00,22,698,712
1612,2565766,795,181144,2018-02-03 19:45:00,22,695,675
1613,2565758,795,181144,2018-02-03 17:30:00,22,696,692
1614,2565763,795,181144,2018-02-03 15:15:00,22,684,682
1615,2565764,795,181144,2018-02-03 12:00:00,22,701,680
1616,2565765,795,181144,2018-02-02 20:00:00,22,687,677
1617,2565750,795,181144,2018-01-29 20:00:00,21,692,684
1618,2565754,795,181144,2018-01-28 19:45:00,21,676,696
1619,2565752,795,181144,2018-01-28 17:30:00,21,680,698
1620,2565755,795,181144,2018-01-28 15:15:00,21,679,714
1621,2565756,795,181144,2018-01-28 11:00:00,21,712,691
1622,2565757,795,181144,2018-01-27 19:45:00,21,682,687
1623,2565753,795,181144,2018-01-27 17:30:00,21,683,756
1624,2565749,795,181144,2018-01-27 15:15:00,21,674,675
1625,2565748,795,181144,2018-01-27 12:00:00,21,677,695
1626,2565751,795,181144,2018-01-26 20:00:00,21,678,701
1627,2565741,795,181144,2018-01-22 20:00:00,20,701,683
1628,2565740,795,181144,2018-01-21 19:45:00,20,684,676
1629,2565742,795,181144,2018-01-21 17:30:00,20,687,692
1630,2565738,795,181144,2018-01-21 15:15:00,20,675,677
1631,2565746,795,181144,2018-01-21 11:00:00,20,696,712
1632,2565744,795,181144,2018-01-20 19:45:00,20,714,674
1633,2565745,795,181144,2018-01-20 17:30:00,20,682,695
1634,2565743,795,181144,2018-01-20 15:15:00,20,679,756
1635,2565747,795,181144,2018-01-20 12:00:00,20,691,680
1636,2565739,795,181144,2018-01-19 20:00:00,20,698,678
1637,2565735,795,181144,2018-01-15 20:00:00,19,684,712
1638,2565737,795,181144,2018-01-14 19:45:00,19,687,676
1639,2565730,795,181144,2018-01-14 17:30:00,19,691,678
1640,2565729,795,181144,2018-01-14 15:15:00,19,696,680
1641,2565731,795,181144,2018-01-14 11:00:00,19,695,692
1642,2565732,795,181144,2018-01-13 19:45:00,19,677,674
1643,2565736,795,181144,2018-01-13 17:30:00,19,701,679
1644,2565733,795,181144,2018-01-13 15:15:00,19,675,682
1645,2565728,795,181144,2018-01-13 12:00:00,19,756,714
1646,2565734,795,181144,2018-01-12 20:00:00,19,698,683
1647,2565726,795,181144,2018-01-08 20:00:00,18,683,691
1648,2565723,795,181144,2018-01-07 19:45:00,18,692,675
1649,2565720,795,181144,2018-01-07 17:30:00,18,682,677
1650,2565724,795,181144,2018-01-07 17:30:00,18,678,696
1651,2565718,795,181144,2018-01-07 15:15:00,18,676,695
1652,2565721,795,181144,2018-01-07 11:00:00,18,712,687
1653,2565725,795,181144,2018-01-06 19:45:00,18,680,684
1654,2565719,795,181144,2018-01-06 17:30:00,18,714,701
1655,2565722,795,181144,2018-01-06 15:15:00,18,674,756
1656,2565727,795,181144,2018-01-06 12:00:00,18,679,698
1657,2565709,795,181144,2017-12-23 17:30:00,17,677,692
1658,2565710,795,181144,2017-12-23 15:15:00,17,674,682
1659,2565711,795,181144,2017-12-23 12:00:00,17,675,676
1660,2565717,795,181144,2017-12-22 20:30:00,17,691,679
1661,2565713,795,181144,2017-12-22 18:30:00,17,684,678
1662,2565716,795,181144,2017-12-21 20:30:00,17,696,683
1663,2565714,795,181144,2017-12-21 18:30:00,17,701,756
1664,2565715,795,181144,2017-12-20 20:30:00,17,687,680
1665,2565712,795,181144,2017-12-20 18:30:00,17,698,714
1666,2565708,795,181144,2017-12-19 20:30:00,17,695,712
1667,2565702,795,181144,2017-12-18 20:00:00,16,683,684
1668,2565704,795,181144,2017-12-17 19:45:00,16,676,677
1669,2565705,795,181144,2017-12-17 17:30:00,16,714,691
1670,2565699,795,181144,2017-12-17 15:15:00,16,692,682
1671,2565706,795,181144,2017-12-17 11:00:00,16,756,698
1672,2565703,795,181144,2017-12-16 19:45:00,16,679,696
1673,2565698,795,181144,2017-12-16 17:30:00,16,701,674
1674,2565700,795,181144,2017-12-16 15:15:00,16,678,687
1675,2565701,795,181144,2017-12-15 20:00:00,16,680,695
1676,2565690,795,181144,2017-12-11 20:00:00,15,691,756
1677,2565692,795,181144,2017-12-10 19:45:00,15,682,676
1678,2565691,795,181144,2017-12-10 17:30:00,15,695,678
1679,2565697,795,181144,2017-12-10 15:15:00,15,684,679
1680,2565688,795,181144,2017-12-10 11:00:00,15,687,683
1681,2565694,795,181144,2017-12-09 19:45:00,15,674,692
1682,2565693,795,181144,2017-12-09 17:30:00,15,677,712
1683,2565695,795,181144,2017-12-09 15:15:00,15,675,680
1684,2565696,795,181144,2017-12-09 12:00:00,15,698,701
1685,2565689,795,181144,2017-12-08 20:00:00,15,696,714
1686,2565683,795,181144,2017-12-04 20:00:00,14,756,696
1687,2565682,795,181144,2017-12-03 19:45:00,14,714,684
1688,2565686,795,181144,2017-12-03 17:30:00,14,701,691
1689,2565684,795,181144,2017-12-03 15:15:00,14,698,674
1690,2565685,795,181144,2017-12-03 11:00:00,14,712,682
1691,2565687,795,181144,2017-12-02 19:45:00,14,678,675
1692,2565678,795,181144,2017-12-02 17:30:00,14,680,677
1693,2565680,795,181144,2017-12-02 15:15:00,14,679,687
1694,2565681,795,181144,2017-12-02 12:00:00,14,676,692
1695,2565679,795,181144,2017-12-01 20:00:00,14,683,695
1696,2565668,795,181144,2017-11-27 20:00:00,13,691,698
1697,2565672,795,181144,2017-11-26 19:45:00,13,674,676
1698,2565670,795,181144,2017-11-26 17:30:00,13,682,680
1699,2565675,795,181144,2017-11-26 15:15:00,13,687,714
1700,2565671,795,181144,2017-11-26 11:00:00,13,677,678
1701,2565669,795,181144,2017-11-25 19:45:00,13,695,679
1702,2565674,795,181144,2017-11-25 17:30:00,13,684,756
1703,2565673,795,181144,2017-11-25 15:15:00,13,675,683
1704,2565677,795,181144,2017-11-25 12:00:00,13,696,701
1705,2565676,795,181144,2017-11-24 20:00:00,13,692,712
1706,2565659,795,181144,2017-11-20 20:00:00,12,701,684
1707,2565660,795,181144,2017-11-19 19:45:00,12,678,682
1708,2565665,795,181144,2017-11-19 17:30:00,12,714,695
1709,2565663,795,181144,2017-11-19 15:15:00,12,691,674
1710,2565662,795,181144,2017-11-19 11:00:00,12,683,677
1711,2565664,795,181144,2017-11-18 19:45:00,12,679,675
1712,2565661,795,181144,2017-11-18 17:30:00,12,680,692
1713,2565658,795,181144,2017-11-18 15:15:00,12,712,676
1714,2565667,795,181144,2017-11-18 12:00:00,12,698,696
1715,2565666,795,181144,2017-11-17 20:00:00,12,756,687
1716,2565657,795,181144,2017-11-05 19:45:00,11,675,714
1717,2565649,795,181144,2017-11-05 17:30:00,11,687,701
1718,2565654,795,181144,2017-11-05 17:30:00,11,682,683
1719,2565650,795,181144,2017-11-05 15:15:00,11,692,678
1720,2565652,795,181144,2017-11-05 11:00:00,11,695,756
1721,2565653,795,181144,2017-11-04 19:45:00,11,676,680
1722,2565651,795,181144,2017-11-04 17:30:00,11,696,691
1723,2565655,795,181144,2017-11-04 15:15:00,11,677,679
1724,2565656,795,181144,2017-11-04 12:00:00,11,674,712
1725,2565648,795,181144,2017-11-03 20:00:00,11,684,698
1726,2565641,795,181144,2017-10-30 20:00:00,10,691,684
1727,2565643,795,181144,2017-10-30 20:00:00,10,714,677
1728,2565640,795,181144,2017-10-29 19:45:00,10,683,692
1729,2565646,795,181144,2017-10-29 17:30:00,10,701,695
1730,2565644,795,181144,2017-10-29 15:15:00,10,756,675
1731,2565645,795,181144,2017-10-29 11:00:00,10,698,687
1732,2565639,795,181144,2017-10-28 20:30:00,10,680,712
1733,2565647,795,181144,2017-10-28 18:45:00,10,678,676
1734,2565642,795,181144,2017-10-28 16:30:00,10,679,682
1735,2565638,795,181144,2017-10-28 11:00:00,10,696,674
1736,2565631,795,181144,2017-10-23 19:00:00,9,677,756
1737,2565636,795,181144,2017-10-23 18:00:00,9,687,691
1738,2565633,795,181144,2017-10-22 18:45:00,9,675,701
1739,2565635,795,181144,2017-10-22 16:30:00,9,712,678
1740,2565637,795,181144,2017-10-22 14:15:00,9,692,679
1741,2565630,795,181144,2017-10-22 10:00:00,9,682,714
1742,2565629,795,181144,2017-10-21 18:45:00,9,676,683
1743,2565632,795,181144,2017-10-21 16:30:00,9,674,680
1744,2565634,795,181144,2017-10-21 14:15:00,9,684,696
1745,2565628,795,181144,2017-10-21 11:00:00,9,695,698
1746,2565627,795,181144,2017-10-16 19:00:00,8,714,692
1747,2565620,795,181144,2017-10-15 18:45:00,8,684,674
1748,2565624,795,181144,2017-10-15 16:30:00,8,683,712
1749,2565618,795,181144,2017-10-15 14:15:00,8,756,682
1750,2565621,795,181144,2017-10-15 10:00:00,8,701,677
1751,2565626,795,181144,2017-10-14 18:45:00,8,679,676
1752,2565623,795,181144,2017-10-14 16:30:00,8,696,687
1753,2565619,795,181144,2017-10-14 14:15:00,8,698,675
1754,2565622,795,181144,2017-10-14 11:00:00,8,678,680
1755,2565625,795,181144,2017-10-13 19:00:00,8,691,695
1756,2565609,795,181144,2017-10-01 18:45:00,7,675,691
1757,2565608,795,181144,2017-10-01 16:30:00,7,674,678
1758,2565616,795,181144,2017-10-01 16:30:00,7,682,701
1759,2565615,795,181144,2017-10-01 14:15:00,7,676,714
1760,2565611,795,181144,2017-10-01 10:00:00,7,687,684
1761,2565610,795,181144,2017-09-30 18:45:00,7,712,679
1762,2565614,795,181144,2017-09-30 16:30:00,7,695,696
1763,2565613,795,181144,2017-09-30 14:15:00,7,680,683
1764,2565617,795,181144,2017-09-30 11:00:00,7,677,698
1765,2565612,795,181144,2017-09-29 19:00:00,7,692,756
1766,2565605,795,181144,2017-09-25 19:00:00,6,684,695
1767,2565607,795,181144,2017-09-24 18:45:00,6,687,674
1768,2565602,795,181144,2017-09-24 16:30:00,6,714,712
1769,2565606,795,181144,2017-09-24 16:30:00,6,701,692
1770,2565604,795,181144,2017-09-24 14:15:00,6,698,682
1771,2565600,795,181144,2017-09-24 10:00:00,6,691,677
1772,2565603,795,181144,2017-09-23 18:45:00,6,756,676
1773,2565599,795,181144,2017-09-23 16:30:00,6,683,678
1774,2565598,795,181144,2017-09-23 14:15:00,6,696,675
1775,2565601,795,181144,2017-09-23 11:00:00,6,679,680
1776,2565591,795,181144,2017-09-21 20:00:00,5,695,687
1777,2565588,795,181144,2017-09-21 19:00:00,5,692,698
1778,2565593,795,181144,2017-09-21 18:00:00,5,682,691
1779,2565590,795,181144,2017-09-20 20:00:00,5,680,714
1780,2565596,795,181144,2017-09-20 20:00:00,5,675,684
1781,2565594,795,181144,2017-09-20 19:00:00,5,677,696
1782,2565589,795,181144,2017-09-20 18:00:00,5,678,679
1783,2565597,795,181144,2017-09-20 18:00:00,5,712,756
1784,2565592,795,181144,2017-09-19 20:00:00,5,676,701
1785,2565595,795,181144,2017-09-19 18:00:00,5,674,683
1786,2565585,795,181144,2017-09-18 19:00:00,4,691,692
1787,2565583,795,181144,2017-09-17 18:45:00,4,687,675
1788,2565578,795,181144,2017-09-17 16:30:00,4,714,678
1789,2565579,795,181144,2017-09-17 14:15:00,4,756,680
1790,2565584,795,181144,2017-09-17 10:00:00,4,696,682
1791,2565586,795,181144,2017-09-16 18:45:00,4,679,683
1792,2565581,795,181144,2017-09-16 16:30:00,4,684,677
1793,2565580,795,181144,2017-09-16 14:15:00,4,698,676
1794,2565587,795,181144,2017-09-16 11:00:00,4,695,674
1795,2565582,795,181144,2017-09-15 19:00:00,4,701,712
1796,2565576,795,181144,2017-09-11 19:00:00,3,683,714
1797,2565568,795,181144,2017-09-10 18:45:00,3,682,684
1798,2565573,795,181144,2017-09-10 16:30:00,3,692,696
1799,2565574,795,181144,2017-09-10 14:15:00,3,678,756
1800,2565569,795,181144,2017-09-10 10:00:00,3,677,687
1801,2565577,795,181144,2017-09-09 18:45:00,3,676,691
1802,2565575,795,181144,2017-09-09 16:30:00,3,680,701
1803,2565570,795,181144,2017-09-09 14:15:00,3,674,679
1804,2565571,795,181144,2017-09-09 11:00:00,3,675,695
1805,2565572,795,181144,2017-09-08 19:00:00,3,712,698
1806,2565564,795,181144,2017-08-27 20:15:00,2,675,674
1807,2565565,795,181144,2017-08-27 18:15:00,2,698,680
1808,2565560,795,181144,2017-08-27 16:15:00,2,691,712
1809,2565567,795,181144,2017-08-27 16:15:00,2,701,678
1810,2565562,795,181144,2017-08-26 20:15:00,2,714,679
1811,2565561,795,181144,2017-08-26 18:15:00,2,695,677
1812,2565563,795,181144,2017-08-26 18:15:00,2,756,683
1813,2565559,795,181144,2017-08-26 16:15:00,2,696,676
1814,2565566,795,181144,2017-08-25 20:00:00,2,684,692
1815,2565558,795,181144,2017-08-25 18:15:00,2,687,682
1816,2565553,795,181144,2017-08-21 20:00:00,1,683,701
1817,2565548,795,181144,2017-08-21 18:15:00,1,695,682
1818,2565555,795,181144,2017-08-20 20:15:00,1,677,675
1819,2565554,795,181144,2017-08-20 18:15:00,1,676,684
1820,2565550,795,181144,2017-08-20 16:15:00,1,678,698
1821,2565552,795,181144,2017-08-19 20:15:00,1,680,691
1822,2565551,795,181144,2017-08-19 18:15:00,1,756,679
1823,2565549,795,181144,2017-08-19 16:15:00,1,692,687
1824,2565556,795,181144,2017-08-18 20:15:00,1,674,714
1825,2565557,795,181144,2017-08-18 18:15:00,1,712,696
1826,1694440,102,9291,2016-07-10 19:00:00,0,9905,4418
1827,1694439,102,9291,2016-07-07 19:00:00,0,3148,4418
1828,1694438,102,9291,2016-07-06 19:00:00,0,9905,10682
1829,1694437,102,9291,2016-07-03 19:00:00,0,4418,7839
1830,1694436,102,9291,2016-07-02 19:00:00,0,3148,3757
1831,1694435,102,9291,2016-07-01 19:00:00,0,10682,5629
1832,1694434,102,9291,2016-06-30 19:00:00,0,13869,9905
1833,1694433,102,9291,2016-06-27 19:00:00,0,2413,7839
1834,1694432,102,9291,2016-06-27 16:00:00,0,3757,1598
1835,1694431,102,9291,2016-06-26 19:00:00,0,10451,5629
1836,1694430,102,9291,2016-06-26 16:00:00,0,3148,14496
1837,1694429,102,9291,2016-06-26 13:00:00,0,4418,8274
1838,1694428,102,9291,2016-06-25 19:00:00,0,9598,9905
1839,1694427,102,9291,2016-06-25 16:00:00,0,10682,10962
1840,1694426,102,9291,2016-06-25 13:00:00,0,6697,13869
1841,1694419,102,9291,2016-06-22 19:00:00,3,7047,5629
1842,1694418,102,9291,2016-06-22 19:00:00,3,3757,8274
1843,1694424,102,9291,2016-06-22 16:00:00,3,10451,9905
1844,1694425,102,9291,2016-06-22 16:00:00,3,7839,9109
1845,1694413,102,9291,2016-06-21 19:00:00,3,11555,4687
1846,1694412,102,9291,2016-06-21 19:00:00,3,9598,1598
1847,1694406,102,9291,2016-06-21 16:00:00,3,14622,13869
1848,1694407,102,9291,2016-06-21 16:00:00,3,10962,3148
1849,1694400,102,9291,2016-06-20 19:00:00,3,14496,2413
1850,1694401,102,9291,2016-06-20 19:00:00,3,14358,10682
1851,1694394,102,9291,2016-06-19 19:00:00,3,6697,4418
1852,1694395,102,9291,2016-06-19 19:00:00,3,11944,8731
1853,1694423,102,9291,2016-06-18 19:00:00,2,9905,9109
1854,1694422,102,9291,2016-06-18 16:00:00,2,7839,10451
1855,1694417,102,9291,2016-06-18 13:00:00,2,5629,8274
1856,1694411,102,9291,2016-06-17 19:00:00,2,1598,4687
1857,1694410,102,9291,2016-06-17 16:00:00,2,11555,9598
1858,1694416,102,9291,2016-06-17 13:00:00,2,3757,7047
1859,1694405,102,9291,2016-06-16 19:00:00,2,3148,13869
1860,1694404,102,9291,2016-06-16 16:00:00,2,14622,10962
1861,1694399,102,9291,2016-06-16 13:00:00,2,2413,10682
1862,1694393,102,9291,2016-06-15 19:00:00,2,4418,8731
1863,1694392,102,9291,2016-06-15 16:00:00,2,11944,6697
1864,1694398,102,9291,2016-06-15 13:00:00,2,14358,14496
1865,1694421,102,9291,2016-06-14 19:00:00,1,9905,7839
1866,1694420,102,9291,2016-06-14 16:00:00,1,9109,10451
1867,1694415,102,9291,2016-06-13 19:00:00,1,5629,3757
1868,1694414,102,9291,2016-06-13 16:00:00,1,8274,7047
1869,1694409,102,9291,2016-06-13 13:00:00,1,1598,11555
1870,1694403,102,9291,2016-06-12 19:00:00,1,3148,14622
1871,1694402,102,9291,2016-06-12 16:00:00,1,13869,10962
1872,1694408,102,9291,2016-06-12 13:00:00,1,4687,9598
1873,1694397,102,9291,2016-06-11 19:00:00,1,2413,14358
1874,1694396,102,9291,2016-06-11 16:00:00,1,10682,14496
1875,1694391,102,9291,2016-06-11 13:00:00,1,8731,6697
1876,1694390,102,9291,2016-06-10 19:00:00,1,4418,11944
1877,2058017,28,10078,2018-07-15 15:00:00,0,4418,9598
1878,2058016,28,10078,2018-07-14 14:00:00,0,5629,2413
1879,2058015,28,10078,2018-07-11 18:00:00,0,9598,2413
1880,2058014,28,10078,2018-07-10 18:00:00,0,4418,5629
1881,2058012,28,10078,2018-07-07 18:00:00,0,14358,9598
1882,2058013,28,10078,2018-07-07 14:00:00,0,7047,2413
1883,2058011,28,10078,2018-07-06 18:00:00,0,6380,5629
1884,2058010,28,10078,2018-07-06 14:00:00,0,15670,4418
1885,2058009,28,10078,2018-07-03 18:00:00,0,12430,2413
1886,2058008,28,10078,2018-07-03 14:00:00,0,7047,6697
1887,2058007,28,10078,2018-07-02 18:00:00,0,5629,12913
1888,2058006,28,10078,2018-07-02 14:00:00,0,6380,15473
1889,2058005,28,10078,2018-07-01 18:00:00,0,9598,7712
1890,2058004,28,10078,2018-07-01 14:00:00,0,1598,14358
1891,2058002,28,10078,2018-06-30 18:00:00,0,15670,9905
1892,2058003,28,10078,2018-06-30 14:00:00,0,4418,12274
1893,2057994,28,10078,2018-06-28 18:00:00,3,2413,5629
1894,2057995,28,10078,2018-06-28 18:00:00,3,17929,16276
1895,2058000,28,10078,2018-06-28 14:00:00,3,12913,13869
1896,2058001,28,10078,2018-06-28 14:00:00,3,19314,12430
1897,2057982,28,10078,2018-06-27 18:00:00,3,17322,6380
1898,2057983,28,10078,2018-06-27 18:00:00,3,6697,16871
1899,2057989,28,10078,2018-06-27 14:00:00,3,15473,7047
1900,2057988,28,10078,2018-06-27 14:00:00,3,14855,3148
1901,2057976,28,10078,2018-06-26 18:00:00,3,16823,12274
1902,2057977,28,10078,2018-06-26 18:00:00,3,7839,9598
1903,2057971,28,10078,2018-06-26 14:00:00,3,8493,15594
1904,2057970,28,10078,2018-06-26 14:00:00,3,7712,4418
1905,2057965,28,10078,2018-06-25 18:00:00,3,1598,16216
1906,2057964,28,10078,2018-06-25 18:00:00,3,10840,9905
1907,2057959,28,10078,2018-06-25 14:00:00,3,16521,16129
1908,2057958,28,10078,2018-06-25 14:00:00,3,15670,14358
1909,2057998,28,10078,2018-06-24 18:00:00,2,13869,12430
1910,2057999,28,10078,2018-06-24 15:00:00,2,12913,19314
1911,2057993,28,10078,2018-06-24 12:00:00,2,2413,17929
1912,2057986,28,10078,2018-06-23 18:00:00,2,3148,7047
1913,2057987,28,10078,2018-06-23 15:00:00,2,14855,15473
1914,2057992,28,10078,2018-06-23 12:00:00,2,5629,16276
1915,2057981,28,10078,2018-06-22 18:00:00,2,17322,6697
1916,2057975,28,10078,2018-06-22 15:00:00,2,16823,7839
1917,2057980,28,10078,2018-06-22 12:00:00,2,6380,16871
1918,2057974,28,10078,2018-06-21 18:00:00,2,12274,9598
1919,2057968,28,10078,2018-06-21 15:00:00,2,4418,15594
1920,2057969,28,10078,2018-06-21 12:00:00,2,7712,8493
1921,2057963,28,10078,2018-06-20 18:00:00,2,10840,1598
1922,2057957,28,10078,2018-06-20 15:00:00,2,15670,16521
1923,2057962,28,10078,2018-06-20 12:00:00,2,9905,16216
1924,2057956,28,10078,2018-06-19 18:00:00,2,14358,16129
1925,2057996,28,10078,2018-06-19 15:00:00,1,13869,19314
1926,2057997,28,10078,2018-06-19 12:00:00,1,12430,12913
1927,2057991,28,10078,2018-06-18 18:00:00,1,16276,2413
1928,2057990,28,10078,2018-06-18 15:00:00,1,5629,17929
1929,2057985,28,10078,2018-06-18 12:00:00,1,7047,14855
1930,2057978,28,10078,2018-06-17 18:00:00,1,6380,6697
1931,2057984,28,10078,2018-06-17 15:00:00,1,3148,15473
1932,2057979,28,10078,2018-06-17 12:00:00,1,16871,17322
1933,2057973,28,10078,2018-06-16 19:00:00,1,9598,16823
1934,2057967,28,10078,2018-06-16 16:00:00,1,15594,7712
1935,2057972,28,10078,2018-06-16 13:00:00,1,12274,7839
1936,2057966,28,10078,2018-06-16 10:00:00,1,4418,8493
1937,2057960,28,10078,2018-06-15 18:00:00,1,9905,1598
1938,2057961,28,10078,2018-06-15 15:00:00,1,16216,10840
1939,2057955,28,10078,2018-06-15 12:00:00,1,16129,15670
1940,2057954,28,10078,2018-06-14 15:00:00,1,14358,16521
